Id,Name,Company,Title,Seniority,Industry,NumberOfEmployees,LeadSource,Email_Opens_14d,Email_Clicks_14d,Web_Visits_14d,Pricing_Page_Visits,Form_Fills,Previous_Touches,Campaign_Responses,Days_Since_Last_Activity,Days_Since_Created,Has_Phone,Free_Email_Domain,Requested_Demo,AI_Score__c,Conversion_Probability__c,AI_Priority__c,Next_Best_Action__c,Recommendation_Reason__c,AI_Scored_At__c
00Q000000000113,Ananya Bose,BlueDynamics,Ops Manager,Manager,Technology,80,Paid Ad,1,0,1,0,0,1,0,29,87,1,0,0,5,0.0524,Low,Put into nurture,No activity for 29 days + Few email opens,2026-10-07T06:35:10.078349
00Q000000000531,Arjun Nair,LumenNetworks,Ops Manager,Manager,Technology,6,Paid Ad,1,1,3,0,0,1,2,9,39,1,0,0,12,0.1223,Low,Put into nurture,Small company (6 employees) + Few email opens,2026-10-07T06:35:10.078349
00Q000000000197,Ananya Singh,NovaHealth,VP Sales,VP,Other,227,Event,1,0,1,0,1,1,0,25,33,0,0,0,18,0.1777,Low,Put into nurture,Few email opens + No activity for 25 days,2026-10-07T06:35:10.078349
00Q000000004463,Dev Reddy,BlueHealth,CEO,C-Level,Finance,28,Web,2,1,1,0,0,2,1,4,85,1,0,0,47,0.4724,Low,Put into nurture,Little website activity + Small company (28 employees),2026-10-07T06:35:10.078349
00Q000000003835,Karan Gupta,NovaDynamics,Engineer,Individual,Technology,129,Paid Ad,3,0,1,1,0,2,0,3,109,1,0,0,16,0.1585,Low,Put into nurture,Junior role (Engineer) + No email clicks,2026-10-07T06:35:10.078349
00Q000000003934,Sneha Khan,VertexWorks,Director of Sales,Director,Technology,23,Partner,1,2,3,0,0,2,1,10,86,1,0,0,26,0.2612,Low,Put into nurture,Small company (23 employees) + Few email opens,2026-10-07T06:35:10.078349
00Q000000002475,Sneha Sharma,SummitIndustries,CTO,C-Level,Finance,134,Event,2,0,2,0,0,0,0,21,27,1,0,0,24,0.2407,Low,Put into nurture,No activity for 21 days + No email clicks,2026-10-07T06:35:10.078349
00Q000000004756,Divya Iyer,HelixHealth,Ops Manager,Manager,Technology,198,Cold Outbound,0,1,2,0,0,1,1,9,15,1,1,0,5,0.053,Low,Put into nurture,Few email opens + Source: Cold Outbound converts less,2026-10-07T06:35:10.078349
00Q000000004217,Divya Sharma,HelixPartners,Engineer,Individual,Technology,84,Web,2,1,4,0,0,2,0,5,30,1,0,0,23,0.2253,Low,Put into nurture,Junior role (Engineer) + Never viewed pricing,2026-10-07T06:35:10.078349
00Q000000001677,Sneha Khan,VertexIndustries,IT Manager,Manager,Healthcare,123,Referral,5,2,1,1,0,3,0,22,58,1,0,0,58,0.5779,Medium,Follow up later,Opened 5 emails + Source: Referral + Viewed pricing page 1x,2026-10-07T06:35:10.078349
00Q000000003023,Riya Rao,NovaGroup,Engineer,Individual,Other,39,Event,3,0,2,0,0,2,0,15,82,1,0,0,8,0.0808,Low,Put into nurture,Junior role (Engineer) + Small company (39 employees),2026-10-07T06:35:10.078349
00Q000000005096,Neha Singh,ZenSolutions,Analyst,Individual,Manufacturing,1603,Event,4,2,8,1,3,4,1,1,117,1,1,1,96,0.9616,Very High,Call the lead,Requested a demo + Filled 3 form(s) + 8 website visits,2026-10-07T06:35:10.078349
00Q000000002894,Priya Singh,BluePartners,Engineer,Individual,Technology,118,Web,5,0,4,1,0,0,2,8,3,1,0,0,34,0.343,Low,Put into nurture,Junior role (Engineer) + No email clicks,2026-10-07T06:35:10.078349
00Q000000001221,Dev Mehta,NovaGroup,Analyst,Individual,Retail,10,Paid Ad,6,2,8,4,1,2,2,8,113,0,0,1,86,0.8577,High,Schedule a demo,Requested a demo + Viewed pricing page 4x + Opened 6 emails,2026-10-07T06:35:10.078349
00Q000000005545,Rahul Patel,ApexPartners,Engineer,Individual,Healthcare,191,Event,4,3,3,3,0,1,1,16,65,1,1,0,54,0.5446,Medium,Follow up later,Viewed pricing page 3x + Clicked 3 email links + Opened 4 emails,2026-10-07T06:35:10.078349
00Q000000005777,Rahul Kapoor,VertexGroup,Director of IT,Director,Technology,151,Paid Ad,2,2,3,0,0,5,2,2,52,1,0,0,62,0.619,Medium,Follow up later,Senior decision maker (Director of IT) + Responded to 2 campaigns + Active 2 days ago,2026-10-07T06:35:10.078349
00Q000000005090,Amit Iyer,VertexIndustries,Sales Manager,Manager,Technology,14,Paid Ad,2,1,4,0,0,3,1,7,87,0,0,0,17,0.1714,Low,Put into nurture,Small company (14 employees) + Never viewed pricing,2026-10-07T06:35:10.078349
00Q000000002939,Pooja Malhotra,SummitHealth,Engineer,Individual,Manufacturing,333,Partner,1,1,1,0,0,1,0,30,2,1,1,0,5,0.0451,Low,Put into nurture,No activity for 30 days + Junior role (Engineer),2026-10-07T06:35:10.078349
00Q000000002588,Vikram Patel,VertexPartners,IT Manager,Manager,Manufacturing,37,Event,5,1,4,0,0,0,2,3,35,1,1,0,33,0.3335,Low,Put into nurture,Free email domain + Small company (37 employees),2026-10-07T06:35:10.078349
00Q000000002005,Dev Singh,BlueDynamics,IT Manager,Manager,Manufacturing,152,Web,6,0,4,1,1,3,2,2,8,1,1,0,52,0.5187,Medium,Follow up later,Opened 6 emails + Active 2 days ago + Viewed pricing page 1x,2026-10-07T06:35:10.078349
00Q000000002874,Pooja Patel,QuantaIndustries,VP Engineering,VP,Retail,87,Paid Ad,0,1,0,0,0,2,0,10,23,1,0,0,17,0.1727,Low,Put into nurture,Few email opens + Never viewed pricing,2026-10-07T06:35:10.078349
00Q000000005749,Arjun Joshi,HelixHealth,Coordinator,Individual,Retail,424,Cold Outbound,2,2,0,0,0,2,2,14,100,0,0,0,7,0.0697,Low,Put into nurture,Junior role (Coordinator) + Source: Cold Outbound converts less,2026-10-07T06:35:10.078349
00Q000000000827,Priya Rao,OrbitLabs,Engineer,Individual,Retail,103,Partner,3,0,0,0,1,5,0,11,83,1,0,0,21,0.2074,Low,Put into nurture,Junior role (Engineer) + No email clicks,2026-10-07T06:35:10.078349
00Q000000002482,Neha Iyer,CobaltSolutions,VP Engineering,VP,Technology,989,Web,2,1,2,1,0,4,0,14,70,1,0,0,59,0.5888,Medium,Follow up later,Senior decision maker (VP Engineering) + Good-fit company size (989 employees) + 4 prior touches,2026-10-07T06:35:10.078349
00Q000000004649,Rahul Rao,OrbitLabs,Coordinator,Individual,Technology,150,Event,3,2,2,1,0,0,0,14,98,0,0,0,21,0.2094,Low,Put into nurture,Junior role (Coordinator) + Little website activity,2026-10-07T06:35:10.078349
00Q000000001344,Rahul Iyer,PioneerIndustries,Analyst,Individual,Retail,2014,Web,4,0,2,0,0,0,1,11,75,1,0,0,13,0.1306,Low,Put into nurture,Junior role (Analyst) + Never viewed pricing,2026-10-07T06:35:10.078349
00Q000000000310,Priya Singh,HelixDynamics,Director of IT,Director,Technology,23,Web,2,3,4,0,0,0,0,1,55,1,0,1,69,0.6857,Medium,Follow up later,Requested a demo + Clicked 3 email links + Active 1 days ago,2026-10-07T06:35:10.078349
00Q000000000238,Neha Verma,ZenDynamics,Head of Ops,Director,Retail,93,Web,1,1,0,0,0,0,0,38,49,1,0,0,5,0.0499,Low,Put into nurture,No activity for 38 days + Few email opens,2026-10-07T06:35:10.078349
00Q000000001648,Meera Sharma,PioneerIndustries,Sales Manager,Manager,Retail,49,Referral,1,1,3,1,2,1,2,3,36,1,0,0,41,0.4067,Low,Put into nurture,Small company (49 employees) + Few email opens,2026-10-07T06:35:10.078349
00Q000000001596,Pooja Bose,SummitSolutions,IT Manager,Manager,Other,21,Web,3,2,3,1,2,1,0,9,57,1,0,0,30,0.2965,Low,Put into nurture,Small company (21 employees) + Junior role (IT Manager),2026-10-07T06:35:10.078349
00Q000000000260,Arjun Verma,BlueDynamics,Director of Sales,Director,Healthcare,220,Cold Outbound,3,0,1,1,0,0,2,2,37,1,0,0,36,0.3569,Low,Put into nurture,Source: Cold Outbound converts less + No email clicks,2026-10-07T06:35:10.078349
00Q000000000785,Nikhil Bose,BlueLabs,Engineer,Individual,Healthcare,34,Event,1,0,2,0,1,0,0,17,31,0,0,0,6,0.0593,Low,Put into nurture,Junior role (Engineer) + Few email opens,2026-10-07T06:35:10.078349
00Q000000004305,Isha Gupta,HelixNetworks,IT Manager,Manager,Healthcare,52,Web,4,0,4,2,0,2,1,19,102,1,0,0,36,0.3585,Low,Put into nurture,No email clicks + Small company (52 employees),2026-10-07T06:35:10.078349
00Q000000001639,Sanjay Reddy,ApexHealth,Sales Manager,Manager,Manufacturing,135,Cold Outbound,7,2,1,0,0,1,1,2,50,1,0,1,81,0.8055,High,Schedule a demo,Requested a demo + Opened 7 emails + Active 2 days ago,2026-10-07T06:35:10.078349
00Q000000003781,Isha Rao,HelixLabs,Director of Sales,Director,Healthcare,86,Event,1,0,2,0,0,3,1,6,33,1,0,0,23,0.2312,Low,Put into nurture,Few email opens + No email clicks,2026-10-07T06:35:10.078349
00Q000000005582,Vikram Mehta,PioneerDynamics,Director of IT,Director,Manufacturing,52,Event,8,1,2,2,1,0,4,9,74,1,0,1,98,0.9754,Very High,Call the lead,Requested a demo + Opened 8 emails + Viewed pricing page 2x,2026-10-07T06:35:10.078349
00Q000000002581,Priya Verma,HelixGroup,CTO,C-Level,Education,210,Paid Ad,9,1,4,1,1,1,3,46,17,0,0,0,61,0.613,Medium,Follow up later,Opened 9 emails + Senior decision maker (CTO) + Good-fit company size (210 employees),2026-10-07T06:35:10.078349
00Q000000001974,Riya Malhotra,QuantaWorks,Director of Sales,Director,Education,8,Event,1,1,0,0,0,1,1,36,43,0,0,0,6,0.0556,Low,Put into nurture,No activity for 36 days + Small company (8 employees),2026-10-07T06:35:10.078349
00Q000000005952,Neha Nair,CobaltHealth,Coordinator,Individual,Other,23,Paid Ad,1,0,0,0,0,1,0,22,2,1,0,0,2,0.0219,Low,Put into nurture,Junior role (Coordinator) + Small company (23 employees),2026-10-07T06:35:10.078349
00Q000000002775,Ananya Mehta,HelixPartners,IT Manager,Manager,Finance,268,Web,10,1,7,5,3,4,2,4,84,1,1,1,99,0.9909,Very High,Call the lead,Requested a demo + Opened 10 emails + Filled 3 form(s),2026-10-07T06:35:10.078349
00Q000000002506,Amit Reddy,VertexSystems,CEO,C-Level,Retail,19,Web,5,0,6,0,1,1,1,6,35,0,0,1,88,0.8798,High,Schedule a demo,Requested a demo + Senior decision maker (CEO) + Opened 5 emails,2026-10-07T06:35:10.078349
00Q000000002215,Sneha Mehta,SummitDynamics,Engineer,Individual,Technology,4,Paid Ad,5,2,2,1,0,1,1,6,1,1,0,0,16,0.1615,Low,Put into nurture,Small company (4 employees) + Junior role (Engineer),2026-10-07T06:35:10.078349
00Q000000004576,Amit Patel,OrbitSystems,Analyst,Individual,Education,66,Paid Ad,1,0,3,0,1,2,1,90,64,1,0,0,2,0.0225,Low,Put into nurture,No activity for 90 days + Few email opens,2026-10-07T06:35:10.078349
00Q000000002034,Arjun Verma,HelixLabs,Sales Manager,Manager,Manufacturing,78,Event,3,1,1,0,0,0,1,23,71,1,1,0,11,0.1073,Low,Put into nurture,Free email domain + No activity for 23 days,2026-10-07T06:35:10.078349
00Q000000003366,Meera Reddy,PioneerLabs,Sales Manager,Manager,Technology,128,Referral,4,0,5,0,0,2,0,24,78,1,0,0,42,0.4186,Low,Put into nurture,No email clicks + No activity for 24 days,2026-10-07T06:35:10.078349
00Q000000003442,Dev Nair,PioneerWorks,Sales Manager,Manager,Retail,178,Paid Ad,1,1,1,0,0,1,1,4,32,1,0,0,16,0.1645,Low,Put into nurture,Few email opens + Junior role (Sales Manager),2026-10-07T06:35:10.078349
00Q000000001934,Meera Gupta,BlueHealth,COO,C-Level,Technology,5539,Referral,1,0,0,0,0,0,1,7,56,1,0,0,42,0.4165,Low,Put into nurture,Few email opens + No email clicks,2026-10-07T06:35:10.078349
00Q000000000709,Amit Sharma,ApexSolutions,Coordinator,Individual,Healthcare,146,Event,8,3,1,1,0,0,2,10,27,1,0,0,57,0.57,Medium,Follow up later,Opened 8 emails + Clicked 3 email links + Viewed pricing page 1x,2026-10-07T06:35:10.078349
00Q000000005806,Pooja Das,CobaltWorks,IT Manager,Manager,Finance,266,Web,2,1,1,0,0,1,1,13,93,1,0,0,19,0.1896,Low,Put into nurture,Never viewed pricing + Junior role (IT Manager),2026-10-07T06:35:10.078349
00Q000000000274,Nikhil Bose,SummitGroup,Head of Ops,Director,Technology,238,Referral,8,3,8,1,1,1,2,2,8,1,0,0,97,0.9714,Very High,Call the lead,Opened 8 emails + 8 website visits + Clicked 3 email links,2026-10-07T06:35:10.078349
00Q000000003556,Neha Reddy,LumenNetworks,Coordinator,Individual,Finance,580,Cold Outbound,0,1,1,0,0,1,0,20,114,1,0,0,3,0.035,Low,Put into nurture,Few email opens + Junior role (Coordinator),2026-10-07T06:35:10.078349
00Q000000004202,Priya Sharma,ZenWorks,Ops Manager,Manager,Healthcare,112,Event,2,1,1,0,0,1,0,15,16,1,0,0,16,0.1575,Low,Put into nurture,Junior role (Ops Manager) + Never viewed pricing,2026-10-07T06:35:10.078349
00Q000000004691,Karan Singh,NovaDynamics,Sales Manager,Manager,Technology,217,Web,0,1,0,0,0,1,0,14,86,1,1,0,6,0.0621,Low,Put into nurture,Few email opens + Free email domain,2026-10-07T06:35:10.078349
00Q000000000954,Isha Bose,QuantaLabs,Analyst,Individual,Other,37,Cold Outbound,0,0,1,0,0,2,1,11,117,1,0,0,1,0.0143,Low,Put into nurture,Few email opens + Junior role (Analyst),2026-10-07T06:35:10.078349
00Q000000003294,Sanjay Iyer,PioneerSolutions,Coordinator,Individual,Manufacturing,51,Web,3,1,1,0,0,1,0,9,60,0,0,0,7,0.0676,Low,Put into nurture,Junior role (Coordinator) + No demo request,2026-10-07T06:35:10.078349
00Q000000001985,Karan Bose,NovaSystems,Director of Sales,Director,Other,43,Event,2,0,2,0,0,1,0,22,20,0,0,0,9,0.089,Low,Put into nurture,Small company (43 employees) + No activity for 22 days,2026-10-07T06:35:10.078349
00Q000000001617,Aarav Das,PioneerIndustries,Engineer,Individual,Other,74,Paid Ad,0,0,0,0,0,1,0,10,39,1,0,0,3,0.031,Low,Put into nurture,Few email opens + Junior role (Engineer),2026-10-07T06:35:10.078349
00Q000000004798,Rohan Kapoor,LumenLabs,Sales Manager,Manager,Finance,24,Cold Outbound,3,0,3,0,0,1,1,33,42,0,0,0,5,0.0454,Low,Put into nurture,No activity for 33 days + Source: Cold Outbound converts less,2026-10-07T06:35:10.078349
00Q000000005293,Rahul Das,BlueIndustries,Director of Sales,Director,Technology,2,Paid Ad,2,3,6,3,1,5,0,2,48,1,0,0,83,0.8317,High,Schedule a demo,Viewed pricing page 3x + Clicked 3 email links + Senior decision maker (Director of Sales),2026-10-07T06:35:10.078349
00Q000000003304,Ananya Mehta,ApexHealth,Ops Manager,Manager,Technology,7,Paid Ad,12,5,6,4,2,1,1,3,21,1,0,1,98,0.9768,Very High,Call the lead,Requested a demo + Opened 12 emails + Filled 2 form(s),2026-10-07T06:35:10.078349
00Q000000001687,Nikhil Mehta,CobaltWorks,Coordinator,Individual,Technology,49,Web,3,2,4,1,0,2,1,5,88,0,0,0,24,0.2394,Low,Put into nurture,Junior role (Coordinator) + Small company (49 employees),2026-10-07T06:35:10.078349
00Q000000002671,Rahul Verma,VertexPartners,VP Sales,VP,Manufacturing,617,Event,4,4,9,2,0,1,4,1,69,1,0,1,99,0.9904,Very High,Call the lead,Requested a demo + Senior decision maker (VP Sales) + Clicked 4 email links,2026-10-07T06:35:10.078349
00Q000000000896,Riya Khan,BlueLabs,Coordinator,Individual,Finance,106,Cold Outbound,1,0,5,0,0,1,0,35,12,1,0,0,4,0.0379,Low,Put into nurture,No activity for 35 days + Few email opens,2026-10-07T06:35:10.078349
00Q000000004337,Vikram Verma,NovaIndustries,Director of Sales,Director,Technology,240,Web,1,0,2,1,0,2,0,1,119,1,0,0,31,0.3116,Low,Put into nurture,Few email opens + No email clicks,2026-10-07T06:35:10.078349
00Q000000004625,Rahul Kapoor,VertexSystems,Coordinator,Individual,Technology,526,Paid Ad,3,1,5,1,0,1,1,3,115,1,0,1,80,0.7952,High,Schedule a demo,Requested a demo + Active 3 days ago + Good-fit company size (526 employees),2026-10-07T06:35:10.078349
00Q000000004698,Neha Iyer,ApexDynamics,VP Marketing,VP,Technology,2,Partner,3,3,5,0,1,2,0,17,26,0,0,0,72,0.7239,Medium,Send personalized email,Senior decision maker (VP Marketing) + Clicked 3 email links + Source: Partner,2026-10-07T06:35:10.078349
00Q000000002792,Aarav Khan,PioneerHealth,Coordinator,Individual,Retail,83,Web,4,0,0,0,0,0,2,3,96,1,0,0,14,0.1388,Low,Put into nurture,Junior role (Coordinator) + Never viewed pricing,2026-10-07T06:35:10.078349
00Q000000001849,Dev Joshi,LumenSystems,Engineer,Individual,Technology,156,Event,6,3,2,0,0,1,2,6,99,1,0,0,65,0.6471,Medium,Follow up later,Opened 6 emails + Clicked 3 email links + Responded to 2 campaigns,2026-10-07T06:35:10.078349
00Q000000003268,Riya Patel,PioneerGroup,CTO,C-Level,Healthcare,491,Cold Outbound,5,1,0,0,0,1,2,25,98,1,0,0,42,0.4243,Low,Put into nurture,Source: Cold Outbound converts less + Little website activity,2026-10-07T06:35:10.078349
00Q000000000963,Isha Reddy,LumenGroup,IT Manager,Manager,Technology,6,Paid Ad,2,0,1,0,2,0,1,15,60,1,0,0,10,0.0989,Low,Put into nurture,Small company (6 employees) + No email clicks,2026-10-07T06:35:10.078349
00Q000000005760,Dev Mehta,OrbitLabs,Director of Sales,Director,Technology,526,Web,15,6,8,0,0,2,4,4,116,0,0,1,98,0.9808,Very High,Send personalized email,Requested a demo + Opened 15 emails + 8 website visits (no phone on file),2026-10-07T06:35:10.078349
00Q000000005810,Dev Gupta,HelixIndustries,Head of Ops,Director,Technology,31,Cold Outbound,6,2,7,2,3,3,2,18,114,1,0,1,95,0.9459,Very High,Call the lead,Requested a demo + Filled 3 form(s) + Viewed pricing page 2x,2026-10-07T06:35:10.078349
00Q000000000578,Arjun Joshi,PioneerPartners,Coordinator,Individual,Technology,206,Web,2,0,3,1,0,3,1,5,101,1,1,0,17,0.1686,Low,Put into nurture,Junior role (Coordinator) + Free email domain,2026-10-07T06:35:10.078349
00Q000000002490,Meera Joshi,BlueSolutions,Ops Manager,Manager,Other,47,Web,7,2,5,0,1,3,1,15,30,0,0,1,76,0.7604,High,Send personalized email,Requested a demo + Opened 7 emails + 5 website visits,2026-10-07T06:35:10.078349
00Q000000001066,Sanjay Rao,PioneerGroup,Director of IT,Director,Manufacturing,251,Event,1,0,1,0,1,2,0,90,112,1,0,0,7,0.0709,Low,Put into nurture,No activity for 90 days + Few email opens,2026-10-07T06:35:10.078349
00Q000000002658,Meera Gupta,LumenPartners,Coordinator,Individual,Other,21,Cold Outbound,2,1,2,0,0,1,0,12,92,1,1,1,23,0.2296,Low,Put into nurture,Junior role (Coordinator) + Source: Cold Outbound converts less,2026-10-07T06:35:10.078349
00Q000000000358,Isha Singh,CobaltPartners,VP Engineering,VP,Other,493,Partner,2,1,3,0,0,0,0,9,119,1,0,0,51,0.5063,Medium,Follow up later,Senior decision maker (VP Engineering) + Source: Partner + Good-fit company size (493 employees),2026-10-07T06:35:10.078349
00Q000000000070,Vikram Singh,ZenWorks,Engineer,Individual,Finance,44,Paid Ad,1,0,2,1,0,0,0,5,72,1,1,0,5,0.0544,Low,Put into nurture,Junior role (Engineer) + Few email opens,2026-10-07T06:35:10.078349
00Q000000002756,Nikhil Singh,CobaltPartners,VP Sales,VP,Technology,73,Event,2,1,3,1,1,0,0,1,23,1,0,1,91,0.9094,Very High,Call the lead,Requested a demo + Senior decision maker (VP Sales) + Active 1 days ago,2026-10-07T06:35:10.078349
00Q000000003642,Sneha Khan,ZenIndustries,IT Manager,Manager,Technology,5512,Referral,4,0,1,1,0,0,1,10,105,1,0,0,29,0.2907,Low,Put into nurture,"Small company (5,512 employees) + No email clicks",2026-10-07T06:35:10.078349
00Q000000001970,Nikhil Patel,HelixDynamics,CFO,C-Level,Retail,84,Partner,1,0,2,0,0,0,0,4,37,0,0,0,31,0.3064,Low,Put into nurture,Few email opens + No email clicks,2026-10-07T06:35:10.078349
00Q000000005824,Divya Gupta,SummitSystems,Ops Manager,Manager,Technology,697,Paid Ad,0,0,1,0,1,0,0,14,42,1,0,0,10,0.1005,Low,Put into nurture,Few email opens + No email clicks,2026-10-07T06:35:10.078349
00Q000000001682,Sneha Rao,OrbitWorks,Engineer,Individual,Education,90,Event,2,1,3,0,0,1,0,18,104,0,1,0,10,0.1034,Low,Put into nurture,Junior role (Engineer) + Free email domain,2026-10-07T06:35:10.078349
00Q000000005626,Sneha Joshi,CobaltGroup,IT Manager,Manager,Retail,815,Cold Outbound,4,1,1,1,0,3,3,3,96,1,0,0,38,0.3847,Low,Put into nurture,Source: Cold Outbound converts less + Little website activity,2026-10-07T06:35:10.078349
00Q000000002357,Kavya Patel,SummitHealth,Engineer,Individual,Healthcare,9,Referral,0,1,8,2,1,1,0,4,4,1,0,0,34,0.3407,Low,Put into nurture,Small company (9 employees) + Junior role (Engineer),2026-10-07T06:35:10.078349
00Q000000000051,Nikhil Mehta,HelixPartners,Director of Sales,Director,Manufacturing,143,Web,4,2,4,0,0,1,1,6,50,1,0,0,53,0.5276,Medium,Follow up later,Opened 4 emails + 4 website visits + Active 6 days ago,2026-10-07T06:35:10.078349
00Q000000000222,Nikhil Sharma,PioneerLabs,Coordinator,Individual,Finance,70,Paid Ad,1,2,6,0,0,4,0,7,100,1,1,0,23,0.2281,Low,Put into nurture,Junior role (Coordinator) + Few email opens,2026-10-07T06:35:10.078349
00Q000000000344,Meera Iyer,ZenIndustries,CTO,C-Level,Education,76,Cold Outbound,6,3,9,2,2,0,3,2,50,1,0,0,96,0.9642,Very High,Call the lead,9 website visits + Senior decision maker (CTO) + Opened 6 emails,2026-10-07T06:35:10.078349
00Q000000003083,Pooja Patel,OrbitHealth,Head of Ops,Director,Technology,24,Web,1,0,1,0,0,1,0,24,78,0,0,0,7,0.0728,Low,Put into nurture,Small company (24 employees) + Few email opens,2026-10-07T06:35:10.078349
00Q000000004261,Nikhil Joshi,HelixGroup,Director of Sales,Director,Finance,41,Cold Outbound,2,2,4,1,0,1,0,1,43,1,0,0,41,0.4131,Low,Put into nurture,Source: Cold Outbound converts less + Small company (41 employees),2026-10-07T06:35:10.078349
00Q000000001575,Divya Malhotra,CobaltSolutions,Coordinator,Individual,Retail,171,Event,2,0,2,0,1,0,0,29,73,0,1,0,4,0.0387,Low,Put into nurture,No activity for 29 days + Junior role (Coordinator),2026-10-07T06:35:10.078349
00Q000000001005,Dev Kapoor,CobaltPartners,IT Manager,Manager,Technology,92,Web,1,1,3,1,0,2,1,17,104,1,0,0,23,0.2269,Low,Put into nurture,Few email opens + Junior role (IT Manager),2026-10-07T06:35:10.078349
00Q000000004012,Nikhil Sharma,HelixWorks,Head of Ops,Director,Manufacturing,39,Paid Ad,3,1,6,1,1,2,0,2,79,1,0,0,51,0.5114,Medium,Follow up later,Active 2 days ago + Senior decision maker (Head of Ops) + 6 website visits,2026-10-07T06:35:10.078349
00Q000000000598,Kavya Joshi,CobaltWorks,Engineer,Individual,Technology,30,Paid Ad,2,1,0,0,0,0,0,9,63,0,0,0,5,0.0509,Low,Put into nurture,Junior role (Engineer) + Small company (30 employees),2026-10-07T06:35:10.078349
00Q000000005984,Ananya Gupta,QuantaLabs,VP Marketing,VP,Retail,77,Event,0,1,1,0,0,0,0,10,101,1,0,0,30,0.2975,Low,Put into nurture,Few email opens + Never viewed pricing,2026-10-07T06:35:10.078349
00Q000000001097,Ananya Iyer,VertexHealth,Director of IT,Director,Education,36,Cold Outbound,3,0,5,0,0,5,0,6,2,0,0,0,15,0.1533,Low,Put into nurture,Source: Cold Outbound converts less + No email clicks,2026-10-07T06:35:10.078349
00Q000000005615,Karan Gupta,OrbitDynamics,Sales Manager,Manager,Other,41,Partner,1,0,1,0,1,2,2,10,54,0,0,0,10,0.0966,Low,Put into nurture,Few email opens + Small company (41 employees),2026-10-07T06:35:10.078349
00Q000000003665,Kavya Rao,BlueSolutions,Ops Manager,Manager,Technology,139,Paid Ad,2,0,2,1,0,0,0,9,56,0,0,0,15,0.1453,Low,Put into nurture,No email clicks + Junior role (Ops Manager),2026-10-07T06:35:10.078349
00Q000000005840,Aarav Mehta,NovaDynamics,Ops Manager,Manager,Other,14,Web,2,1,2,0,0,1,1,15,55,0,0,0,7,0.0681,Low,Put into nurture,Small company (14 employees) + Junior role (Ops Manager),2026-10-07T06:35:10.078349
00Q000000001899,Meera Singh,ZenHealth,CFO,C-Level,Retail,66,Web,1,2,1,1,0,1,2,7,31,1,0,0,61,0.6079,Medium,Follow up later,Senior decision maker (CFO) + Clicked 2 email links + Active 7 days ago,2026-10-07T06:35:10.078349
00Q000000001377,Karan Singh,ZenSolutions,Sales Manager,Manager,Healthcare,59,Cold Outbound,3,0,4,0,0,1,0,1,9,0,0,0,13,0.1323,Low,Put into nurture,Source: Cold Outbound converts less + No email clicks,2026-10-07T06:35:10.078349
00Q000000005864,Riya Nair,PioneerWorks,Ops Manager,Manager,Technology,108,Cold Outbound,3,0,0,0,1,1,0,15,7,1,0,0,9,0.0912,Low,Put into nurture,Source: Cold Outbound converts less + No email clicks,2026-10-07T06:35:10.078349
00Q000000005756,Rahul Mehta,ZenNetworks,Ops Manager,Manager,Technology,268,Web,2,2,3,0,0,2,0,2,41,0,0,0,25,0.2512,Low,Put into nurture,Junior role (Ops Manager) + Never viewed pricing,2026-10-07T06:35:10.078349
00Q000000005406,Amit Verma,QuantaSolutions,VP Marketing,VP,Finance,73,Referral,4,1,1,0,0,1,1,7,71,1,0,0,67,0.6681,Medium,Follow up later,Senior decision maker (VP Marketing) + Source: Referral + Opened 4 emails,2026-10-07T06:35:10.078349
00Q000000004923,Aarav Gupta,ZenIndustries,Sales Manager,Manager,Technology,4,Web,1,0,3,0,0,0,1,11,21,0,0,0,4,0.0434,Low,Put into nurture,Small company (4 employees) + Few email opens,2026-10-07T06:35:10.078349
00Q000000004417,Nikhil Iyer,OrbitWorks,VP Sales,VP,Retail,81,Paid Ad,6,1,3,1,0,4,0,1,68,1,0,0,78,0.7802,High,Send personalized email,Senior decision maker (VP Sales) + Opened 6 emails + Active 1 days ago,2026-10-07T06:35:10.078349
00Q000000004920,Divya Das,ZenIndustries,IT Manager,Manager,Other,46,Paid Ad,5,0,4,1,0,0,1,8,102,1,1,0,20,0.2026,Low,Put into nurture,Small company (46 employees) + Free email domain,2026-10-07T06:35:10.078349
00Q000000004981,Meera Verma,ZenSystems,IT Manager,Manager,Finance,739,Web,2,0,5,1,0,0,1,1,30,1,1,0,32,0.3163,Low,Put into nurture,Free email domain + No email clicks,2026-10-07T06:35:10.078349
00Q000000003066,Karan Kapoor,LumenNetworks,IT Manager,Manager,Healthcare,47,Cold Outbound,3,0,3,0,0,2,1,32,85,1,0,0,4,0.0414,Low,Put into nurture,No activity for 32 days + Source: Cold Outbound converts less,2026-10-07T06:35:10.078349
00Q000000004299,Divya Malhotra,OrbitPartners,Sales Manager,Manager,Technology,91,Paid Ad,1,0,2,1,0,1,0,9,114,0,1,0,8,0.082,Low,Put into nurture,Few email opens + Free email domain,2026-10-07T06:35:10.078349
00Q000000000588,Divya Singh,BlueWorks,Head of Ops,Director,Retail,29,Referral,0,1,6,0,0,0,0,19,64,0,0,0,10,0.0951,Low,Put into nurture,Few email opens + Small company (29 employees),2026-10-07T06:35:10.078349
00Q000000002644,Isha Verma,ZenHealth,VP Sales,VP,Technology,55,Partner,7,3,10,2,2,1,0,7,82,1,0,1,99,0.989,Very High,Call the lead,Requested a demo + Filled 2 form(s) + Opened 7 emails,2026-10-07T06:35:10.078349
00Q000000003577,Karan Mehta,OrbitNetworks,Ops Manager,Manager,Education,12,Event,5,0,4,2,0,0,0,12,84,1,0,0,27,0.2665,Low,Put into nurture,Small company (12 employees) + No email clicks,2026-10-07T06:35:10.078349
00Q000000001461,Isha Iyer,BlueSystems,Director of Sales,Director,Manufacturing,83,Web,0,0,1,1,0,0,0,3,83,0,0,0,14,0.1428,Low,Put into nurture,Few email opens + No email clicks,2026-10-07T06:35:10.078349
00Q000000003145,Ananya Malhotra,SummitWorks,Sales Manager,Manager,Other,12,Cold Outbound,4,1,4,1,0,0,0,1,61,1,0,0,16,0.1576,Low,Put into nurture,Small company (12 employees) + Source: Cold Outbound converts less,2026-10-07T06:35:10.078349
00Q000000003825,Isha Khan,SummitSystems,Director of Sales,Director,Technology,3,Web,2,2,0,0,2,0,2,16,116,1,0,0,26,0.2609,Low,Put into nurture,Small company (3 employees) + Little website activity,2026-10-07T06:35:10.078349
00Q000000004992,Dev Mehta,HelixIndustries,VP Marketing,VP,Technology,199,Web,2,0,3,0,0,1,1,47,22,0,0,0,17,0.1749,Low,Put into nurture,No activity for 47 days + No email clicks,2026-10-07T06:35:10.078349
00Q000000001977,Priya Singh,LumenGroup,Head of Ops,Director,Healthcare,998,Web,2,1,0,0,0,2,0,9,58,1,0,0,24,0.236,Low,Put into nurture,Never viewed pricing + Little website activity,2026-10-07T06:35:10.078349
00Q000000000054,Sanjay Rao,SummitNetworks,CFO,C-Level,Other,87,Web,1,0,1,1,0,1,0,1,8,1,0,0,28,0.2786,Low,Put into nurture,Few email opens + No email clicks,2026-10-07T06:35:10.078349
00Q000000003316,Riya Rao,OrbitSystems,Engineer,Individual,Manufacturing,17,Paid Ad,4,1,3,0,0,1,0,8,62,1,0,1,53,0.5275,Medium,Follow up later,Requested a demo + Opened 4 emails,2026-10-07T06:35:10.078349
00Q000000002725,Divya Mehta,BlueSystems,IT Manager,Manager,Retail,75,Referral,2,0,0,0,0,0,2,18,29,1,0,0,18,0.1763,Low,Put into nurture,No email clicks + Junior role (IT Manager),2026-10-07T06:35:10.078349
00Q000000001418,Sneha Khan,QuantaNetworks,Ops Manager,Manager,Manufacturing,11,Event,1,2,6,1,0,2,3,6,118,1,0,0,28,0.2807,Low,Put into nurture,Small company (11 employees) + Few email opens,2026-10-07T06:35:10.078349
00Q000000005399,Rohan Singh,QuantaGroup,IT Manager,Manager,Finance,756,Cold Outbound,3,1,5,0,0,3,2,2,29,0,0,0,37,0.3653,Low,Put into nurture,Source: Cold Outbound converts less + Never viewed pricing,2026-10-07T06:35:10.078349
00Q000000001873,Sneha Reddy,CobaltHealth,IT Manager,Manager,Education,15,Web,3,0,2,0,0,1,1,14,47,0,0,0,6,0.0576,Low,Put into nurture,Small company (15 employees) + No email clicks,2026-10-07T06:35:10.078349
00Q000000000271,Priya Verma,NovaPartners,Sales Manager,Manager,Other,79,Paid Ad,2,1,3,0,0,2,1,2,86,1,0,0,22,0.2244,Low,Put into nurture,Junior role (Sales Manager) + Never viewed pricing,2026-10-07T06:35:10.078349
00Q000000005015,Nikhil Nair,CobaltWorks,Analyst,Individual,Technology,483,Cold Outbound,3,0,2,1,0,2,2,5,40,1,1,0,21,0.2117,Low,Put into nurture,Junior role (Analyst) + Source: Cold Outbound converts less,2026-10-07T06:35:10.078349
00Q000000002287,Arjun Nair,LumenNetworks,VP Marketing,VP,Manufacturing,151,Partner,7,4,15,0,0,5,3,5,6,1,0,1,99,0.9877,Very High,Call the lead,Requested a demo + 15 website visits + Opened 7 emails,2026-10-07T06:35:10.078349
00Q000000003342,Meera Rao,ZenSolutions,Sales Manager,Manager,Technology,41,Paid Ad,6,2,7,2,2,5,3,10,31,1,1,1,96,0.9592,Very High,Call the lead,Requested a demo + Filled 2 form(s) + Opened 6 emails,2026-10-07T06:35:10.078349
00Q000000000276,Sneha Das,ZenSolutions,Ops Manager,Manager,Technology,4,Web,3,1,1,0,0,1,0,11,30,1,1,0,6,0.0558,Low,Put into nurture,Small company (4 employees) + Free email domain,2026-10-07T06:35:10.078349
00Q000000004659,Sneha Das,CobaltPartners,Sales Manager,Manager,Healthcare,263,Cold Outbound,0,1,0,0,0,2,0,5,56,1,0,0,8,0.0759,Low,Put into nurture,Few email opens + Source: Cold Outbound converts less,2026-10-07T06:35:10.078349
00Q000000005648,Kavya Khan,NovaLabs,Engineer,Individual,Technology,575,Web,1,0,1,0,0,2,0,2,25,1,0,0,12,0.1163,Low,Put into nurture,Junior role (Engineer) + Few email opens,2026-10-07T06:35:10.078349
00Q000000004603,Pooja Rao,CobaltHealth,Sales Manager,Manager,Technology,22,Web,2,0,2,0,0,2,0,13,38,0,0,0,6,0.0568,Low,Put into nurture,Small company (22 employees) + No email clicks,2026-10-07T06:35:10.078349
00Q000000005423,Rahul Mehta,ZenPartners,Sales Manager,Manager,Retail,176,Web,1,0,1,0,0,5,1,3,8,0,1,0,11,0.1101,Low,Put into nurture,Few email opens + Free email domain,2026-10-07T06:35:10.078349
00Q000000005948,Rahul Khan,PioneerWorks,IT Manager,Manager,Retail,218,Event,4,5,4,0,0,1,0,4,116,0,0,0,60,0.597,Medium,Follow up later,Clicked 5 email links + Active 4 days ago + Opened 4 emails,2026-10-07T06:35:10.078349
00Q000000000573,Riya Kapoor,HelixGroup,Head of Ops,Director,Retail,143,Web,1,1,3,0,0,1,1,46,48,1,0,0,8,0.0801,Low,Put into nurture,No activity for 46 days + Few email opens,2026-10-07T06:35:10.078349
00Q000000003623,Riya Verma,SummitWorks,Director of IT,Director,Education,755,Referral,6,2,7,0,0,1,0,4,114,1,0,0,85,0.8463,High,Schedule a demo,Opened 6 emails + Source: Referral + 7 website visits,2026-10-07T06:35:10.078349
00Q000000005366,Amit Khan,BlueWorks,CFO,C-Level,Technology,447,Paid Ad,0,1,3,1,0,1,0,7,80,1,0,0,59,0.5945,Medium,Follow up later,Senior decision maker (CFO) + Good-fit company size (447 employees) + Active 7 days ago,2026-10-07T06:35:10.078349
00Q000000003630,Vikram Joshi,BlueWorks,Engineer,Individual,Healthcare,18,Web,3,1,3,3,1,3,1,5,64,1,1,0,26,0.2613,Low,Put into nurture,Junior role (Engineer) + Small company (18 employees),2026-10-07T06:35:10.078349
00Q000000004034,Arjun Kapoor,ApexGroup,Director of IT,Director,Retail,31,Web,1,0,2,0,0,1,0,5,73,1,0,0,10,0.0964,Low,Put into nurture,Small company (31 employees) + Few email opens,2026-10-07T06:35:10.078349
00Q000000004626,Amit Malhotra,SummitPartners,IT Manager,Manager,Retail,23,Web,1,2,2,0,0,2,0,1,50,0,1,0,5,0.0464,Low,Put into nurture,Small company (23 employees) + Few email opens,2026-10-07T06:35:10.078349
00Q000000002292,Rahul Kapoor,CobaltSolutions,Head of Ops,Director,Healthcare,1875,Web,5,1,3,2,1,3,1,1,75,1,0,0,84,0.8428,High,Schedule a demo,Opened 5 emails + Viewed pricing page 2x + Senior decision maker (Head of Ops),2026-10-07T06:35:10.078349
00Q000000002630,Ananya Das,CobaltGroup,Analyst,Individual,Other,4,Web,4,2,6,1,2,2,0,3,36,1,0,0,46,0.4591,Low,Put into nurture,Small company (4 employees) + Junior role (Analyst),2026-10-07T06:35:10.078349
00Q000000003048,Arjun Verma,QuantaNetworks,Analyst,Individual,Technology,30,Paid Ad,6,2,6,0,0,2,2,10,18,1,0,0,32,0.318,Low,Put into nurture,Junior role (Analyst) + Small company (30 employees),2026-10-07T06:35:10.078349
00Q000000002677,Sanjay Bose,BlueSolutions,Director of Sales,Director,Technology,229,Paid Ad,2,2,1,1,1,2,1,6,9,1,0,0,55,0.5525,Medium,Follow up later,Senior decision maker (Director of Sales) + Clicked 2 email links + Good-fit company size (229 employees),2026-10-07T06:35:10.078349
00Q000000002058,Aarav Patel,VertexDynamics,IT Manager,Manager,Retail,794,Paid Ad,1,1,1,0,0,0,1,9,107,0,0,0,13,0.1282,Low,Put into nurture,Few email opens + Never viewed pricing,2026-10-07T06:35:10.078349
00Q000000001719,Neha Reddy,PioneerIndustries,Director of Sales,Director,Manufacturing,18,Referral,5,0,1,1,0,1,1,11,3,0,0,0,37,0.3727,Low,Put into nurture,Small company (18 employees) + No email clicks,2026-10-07T06:35:10.078349
00Q000000002439,Vikram Reddy,ApexDynamics,VP Engineering,VP,Other,326,Partner,1,0,1,0,2,1,3,13,62,1,0,0,45,0.446,Low,Put into nurture,Few email opens + No email clicks,2026-10-07T06:35:10.078349
00Q000000005640,Dev Singh,HelixIndustries,Analyst,Individual,Healthcare,211,Web,1,0,1,0,1,0,1,9,19,1,0,0,8,0.0799,Low,Put into nurture,Junior role (Analyst) + Few email opens,2026-10-07T06:35:10.078349
00Q000000004221,Neha Bose,BlueGroup,Head of Ops,Director,Technology,339,Partner,0,1,3,2,2,1,1,4,68,1,0,0,71,0.705,Medium,Send personalized email,Viewed pricing page 2x + Senior decision maker (Head of Ops) + Active 4 days ago,2026-10-07T06:35:10.078349
00Q000000005651,Isha Iyer,ApexNetworks,Ops Manager,Manager,Education,168,Web,2,1,1,0,0,3,0,9,32,1,0,0,11,0.1069,Low,Put into nurture,Little website activity + Never viewed pricing,2026-10-07T06:35:10.078349
00Q000000002121,Sneha Kapoor,PioneerWorks,CTO,C-Level,Other,3468,Cold Outbound,3,2,2,0,0,1,0,16,26,1,0,0,54,0.5425,Medium,Follow up later,"Senior decision maker (CTO) + Good-fit company size (3,468 employees) + Clicked 2 email links",2026-10-07T06:35:10.078349
00Q000000000749,Riya Nair,SummitIndustries,Analyst,Individual,Education,30,Cold Outbound,2,0,2,0,0,2,1,20,75,1,0,0,2,0.0232,Low,Put into nurture,Junior role (Analyst) + Source: Cold Outbound converts less,2026-10-07T06:35:10.078349
00Q000000001467,Rohan Khan,SummitHealth,Director of Sales,Director,Technology,110,Cold Outbound,1,0,0,0,0,0,0,53,15,1,0,0,2,0.0229,Low,Put into nurture,No activity for 53 days + Source: Cold Outbound converts less,2026-10-07T06:35:10.078349
00Q000000000532,Vikram Verma,OrbitDynamics,VP Engineering,VP,Finance,25,Partner,0,0,1,0,0,1,0,15,102,0,0,0,17,0.1747,Low,Put into nurture,Few email opens + Small company (25 employees),2026-10-07T06:35:10.078349
00Q000000004401,Priya Das,ApexWorks,Sales Manager,Manager,Healthcare,649,Event,3,0,1,0,0,0,0,7,87,0,1,0,20,0.1975,Low,Put into nurture,Free email domain + No email clicks,2026-10-07T06:35:10.078349
00Q000000000187,Riya Khan,CobaltWorks,Sales Manager,Manager,Manufacturing,14,Web,5,1,0,0,0,3,1,9,86,1,0,0,18,0.1755,Low,Put into nurture,Small company (14 employees) + Never viewed pricing,2026-10-07T06:35:10.078349
00Q000000002455,Rahul Mehta,PioneerHealth,Ops Manager,Manager,Technology,9,Paid Ad,3,0,2,0,0,0,0,6,103,0,1,0,4,0.0429,Low,Put into nurture,Small company (9 employees) + Free email domain,2026-10-07T06:35:10.078349
00Q000000005198,Rohan Mehta,SummitIndustries,Analyst,Individual,Other,1166,Web,0,0,1,0,0,2,1,29,65,1,0,0,3,0.0329,Low,Put into nurture,Few email opens + No activity for 29 days,2026-10-07T06:35:10.078349
00Q000000005584,Kavya Gupta,CobaltHealth,Engineer,Individual,Other,464,Event,3,0,1,1,0,2,0,3,19,1,1,0,17,0.1662,Low,Put into nurture,Junior role (Engineer) + Free email domain,2026-10-07T06:35:10.078349
00Q000000004329,Divya Bose,VertexHealth,IT Manager,Manager,Healthcare,120,Web,3,0,0,0,0,0,0,6,43,1,0,0,13,0.1304,Low,Put into nurture,No email clicks + Little website activity,2026-10-07T06:35:10.078349
00Q000000004610,Rahul Singh,CobaltGroup,Ops Manager,Manager,Education,200,Event,3,0,3,2,0,1,2,10,9,1,0,0,32,0.3224,Low,Put into nurture,No email clicks + Aging lead (9 days old),2026-10-07T06:35:10.078349
00Q000000005282,Karan Rao,BlueIndustries,Engineer,Individual,Education,3090,Referral,1,0,1,0,0,0,0,59,12,1,0,0,15,0.1469,Low,Put into nurture,No activity for 59 days + Junior role (Engineer),2026-10-07T06:35:10.078349
00Q000000004450,Priya Joshi,PioneerGroup,Sales Manager,Manager,Education,148,Paid Ad,2,0,3,0,1,2,0,22,7,1,0,0,8,0.077,Low,Put into nurture,No email clicks + Education industry is a weaker fit,2026-10-07T06:35:10.078349
00Q000000005893,Rahul Verma,ApexIndustries,Director of IT,Director,Other,221,Paid Ad,4,2,7,3,0,2,3,3,111,0,0,0,88,0.879,High,Schedule a demo,Viewed pricing page 3x + 7 website visits + Senior decision maker (Director of IT),2026-10-07T06:35:10.078349
00Q000000002665,Riya Kapoor,VertexNetworks,VP Engineering,VP,Manufacturing,353,Paid Ad,2,2,4,1,0,2,1,8,104,1,0,0,75,0.7533,High,Send personalized email,Senior decision maker (VP Engineering) + Good-fit company size (353 employees) + 4 website visits,2026-10-07T06:35:10.078349
00Q000000005905,Vikram Reddy,CobaltLabs,Sales Manager,Manager,Manufacturing,217,Web,0,1,2,0,0,1,0,10,89,1,0,0,8,0.082,Low,Put into nurture,Few email opens + Junior role (Sales Manager),2026-10-07T06:35:10.078349
00Q000000000856,Divya Iyer,QuantaPartners,VP Marketing,VP,Education,48,Referral,2,2,2,1,1,1,2,19,60,1,1,0,46,0.4614,Low,Put into nurture,Small company (48 employees) + Free email domain,2026-10-07T06:35:10.078349
00Q000000003861,Aarav Gupta,HelixSystems,IT Manager,Manager,Technology,45,Event,1,1,3,0,0,0,1,12,100,1,0,0,14,0.1449,Low,Put into nurture,Few email opens + Small company (45 employees),2026-10-07T06:35:10.078349
00Q000000002754,Rohan Singh,CobaltWorks,Coordinator,Individual,Technology,754,Partner,3,0,5,0,1,1,1,25,81,1,0,0,27,0.2711,Low,Put into nurture,Junior role (Coordinator) + No activity for 25 days,2026-10-07T06:35:10.078349
00Q000000000872,Karan Rao,ApexGroup,Engineer,Individual,Education,9,Cold Outbound,5,2,3,1,0,2,0,30,102,0,0,0,7,0.0734,Low,Put into nurture,Junior role (Engineer) + No activity for 30 days,2026-10-07T06:35:10.078349
00Q000000000652,Vikram Singh,CobaltLabs,Coordinator,Individual,Healthcare,336,Paid Ad,9,2,4,1,2,1,3,0,107,1,0,1,83,0.8308,High,Schedule a demo,Requested a demo + Opened 9 emails + Filled 2 form(s),2026-10-07T06:35:10.078349
00Q000000003126,Karan Rao,LumenSolutions,Director of IT,Director,Finance,83,Paid Ad,2,3,2,0,0,1,1,25,19,1,0,0,36,0.3579,Low,Put into nurture,Little website activity + Never viewed pricing,2026-10-07T06:35:10.078349
00Q000000002276,Sanjay Iyer,QuantaIndustries,VP Engineering,VP,Technology,37,Web,1,0,2,0,0,0,0,14,58,0,0,0,11,0.114,Low,Put into nurture,Few email opens + Small company (37 employees),2026-10-07T06:35:10.078349
00Q000000001711,Karan Bose,LumenPartners,Analyst,Individual,Technology,49,Event,3,0,2,0,0,1,0,9,31,0,0,0,11,0.1051,Low,Put into nurture,Junior role (Analyst) + Small company (49 employees),2026-10-07T06:35:10.078349
00Q000000002712,Ananya Nair,SummitWorks,CFO,C-Level,Manufacturing,1438,Cold Outbound,6,2,1,0,0,1,1,11,23,1,0,0,63,0.6289,Medium,Follow up later,Senior decision maker (CFO) + Opened 6 emails + Clicked 2 email links,2026-10-07T06:35:10.078349
00Q000000004492,Sneha Bose,BlueSystems,VP Sales,VP,Technology,16,Web,2,0,0,0,0,1,0,3,52,1,1,0,14,0.139,Low,Put into nurture,Small company (16 employees) + Free email domain,2026-10-07T06:35:10.078349
00Q000000001302,Dev Kapoor,OrbitLabs,IT Manager,Manager,Finance,30,Cold Outbound,4,3,1,1,0,2,1,9,119,1,0,0,14,0.1446,Low,Put into nurture,Aging lead (119 days old) + Source: Cold Outbound converts less,2026-10-07T06:35:10.078349
00Q000000005675,Kavya Das,HelixIndustries,Director of IT,Director,Technology,112,Referral,1,1,1,0,0,0,1,15,48,1,0,0,35,0.3475,Low,Put into nurture,Few email opens + Never viewed pricing,2026-10-07T06:35:10.078349
00Q000000004751,Aarav Khan,BlueWorks,Coordinator,Individual,Retail,5,Web,0,1,3,0,1,1,1,2,93,1,0,0,6,0.0565,Low,Put into nurture,Few email opens + Small company (5 employees),2026-10-07T06:35:10.078349
00Q000000003511,Nikhil Rao,CobaltSystems,Ops Manager,Manager,Healthcare,1095,Cold Outbound,1,0,0,0,0,1,0,5,118,1,0,0,4,0.0408,Low,Put into nurture,Aging lead (118 days old) + Source: Cold Outbound converts less,2026-10-07T06:35:10.078349
00Q000000005226,Karan Sharma,QuantaPartners,Ops Manager,Manager,Other,31,Web,3,0,3,1,0,1,1,9,35,1,0,1,49,0.4913,Low,Put into nurture,Small company (31 employees) + No email clicks,2026-10-07T06:35:10.078349
00Q000000004850,Riya Verma,SummitIndustries,VP Engineering,VP,Healthcare,178,Paid Ad,3,2,4,0,1,1,0,33,16,0,0,0,32,0.3242,Low,Put into nurture,No activity for 33 days + Never viewed pricing,2026-10-07T06:35:10.078349
00Q000000003959,Riya Reddy,ZenDynamics,Head of Ops,Director,Technology,101,Paid Ad,1,0,2,0,0,0,2,5,101,1,0,0,25,0.2496,Low,Put into nurture,Few email opens + No email clicks,2026-10-07T06:35:10.078349
00Q000000001585,Isha Sharma,OrbitHealth,Director of Sales,Director,Manufacturing,146,Cold Outbound,1,0,0,0,0,1,0,90,98,1,0,0,2,0.0187,Low,Put into nurture,No activity for 90 days + Source: Cold Outbound converts less,2026-10-07T06:35:10.078349
00Q000000002051,Dev Bose,HelixLabs,Director of IT,Director,Technology,24,Event,0,1,0,0,0,0,1,3,7,1,0,0,17,0.1663,Low,Put into nurture,Few email opens + Small company (24 employees),2026-10-07T06:35:10.078349
00Q000000005444,Nikhil Kapoor,QuantaGroup,Engineer,Individual,Manufacturing,197,Web,5,0,5,0,0,2,2,22,45,0,0,0,29,0.2924,Low,Put into nurture,Junior role (Engineer) + No email clicks,2026-10-07T06:35:10.078349
00Q000000001278,Pooja Iyer,ZenSystems,Sales Manager,Manager,Technology,1460,Cold Outbound,1,1,1,1,0,2,1,2,55,1,0,0,19,0.1892,Low,Put into nurture,Few email opens + Source: Cold Outbound converts less,2026-10-07T06:35:10.078349
00Q000000005955,Karan Nair,SummitHealth,Engineer,Individual,Manufacturing,36,Cold Outbound,2,3,4,1,0,1,1,2,60,0,0,0,15,0.1549,Low,Put into nurture,Junior role (Engineer) + Source: Cold Outbound converts less,2026-10-07T06:35:10.078349
00Q000000002081,Rohan Khan,SummitNetworks,Head of Ops,Director,Manufacturing,14,Paid Ad,2,1,4,1,0,1,2,3,3,0,0,0,38,0.3754,Low,Put into nurture,Small company (14 employees) + No demo request,2026-10-07T06:35:10.078349
00Q000000002523,Sanjay Rao,SummitSolutions,Sales Manager,Manager,Retail,556,Web,1,0,1,0,0,1,0,6,68,1,1,0,8,0.0781,Low,Put into nurture,Few email opens + Free email domain,2026-10-07T06:35:10.078349
00Q000000001875,Sanjay Bose,QuantaSystems,Analyst,Individual,Healthcare,489,Web,0,1,0,0,0,0,0,4,87,0,0,0,8,0.0793,Low,Put into nurture,Few email opens + Junior role (Analyst),2026-10-07T06:35:10.078349
00Q000000004629,Isha Bose,QuantaPartners,Coordinator,Individual,Technology,142,Web,1,0,3,0,0,1,0,27,56,0,1,0,3,0.0321,Low,Put into nurture,Few email opens + Junior role (Coordinator),2026-10-07T06:35:10.078349
00Q000000000333,Kavya Nair,BlueGroup,Coordinator,Individual,Healthcare,227,Cold Outbound,2,1,0,0,0,3,0,13,98,0,0,0,6,0.0563,Low,Put into nurture,Junior role (Coordinator) + Source: Cold Outbound converts less,2026-10-07T06:35:10.078349
00Q000000001537,Riya Malhotra,CobaltLabs,IT Manager,Manager,Retail,6,Cold Outbound,1,0,0,0,0,0,0,53,76,1,0,0,1,0.0078,Low,Put into nurture,No activity for 53 days + Source: Cold Outbound converts less,2026-10-07T06:35:10.078349
00Q000000003013,Amit Verma,NovaGroup,Coordinator,Individual,Education,31,Event,1,1,3,0,0,0,1,47,47,1,1,0,2,0.0222,Low,Put into nurture,No activity for 47 days + Junior role (Coordinator),2026-10-07T06:35:10.078349
00Q000000002064,Karan Rao,SummitIndustries,CTO,C-Level,Other,39,Event,2,1,2,1,0,0,1,20,30,0,1,1,73,0.7338,Medium,Send personalized email,Requested a demo + Senior decision maker (CTO) + Viewed pricing page 1x,2026-10-07T06:35:10.078349
00Q000000000173,Ananya Joshi,LumenLabs,IT Manager,Manager,Finance,73,Referral,1,0,2,0,0,1,0,33,32,1,0,0,10,0.095,Low,Put into nurture,No activity for 33 days + Few email opens,2026-10-07T06:35:10.078349
00Q000000002586,Rohan Reddy,QuantaGroup,Ops Manager,Manager,Manufacturing,83,Partner,5,0,3,0,0,4,0,9,45,0,0,1,84,0.8394,High,Schedule a demo,Requested a demo + Opened 5 emails + Source: Partner,2026-10-07T06:35:10.078349
00Q000000003361,Vikram Singh,CobaltWorks,Sales Manager,Manager,Technology,29,Paid Ad,1,0,1,0,0,2,0,90,21,0,0,0,2,0.0182,Low,Put into nurture,No activity for 90 days + Small company (29 employees),2026-10-07T06:35:10.078349
00Q000000005361,Priya Verma,NovaPartners,Sales Manager,Manager,Other,742,Partner,1,2,0,0,0,1,2,13,67,0,0,0,17,0.1682,Low,Put into nurture,Few email opens + Junior role (Sales Manager),2026-10-07T06:35:10.078349
00Q000000003596,Pooja Malhotra,VertexSystems,IT Manager,Manager,Retail,12,Event,5,0,0,0,0,1,0,19,82,1,1,0,9,0.0852,Low,Put into nurture,Small company (12 employees) + Free email domain,2026-10-07T06:35:10.078349
00Q000000004787,Aarav Verma,NovaPartners,Director of IT,Director,Finance,150,Referral,4,0,2,1,0,1,2,7,47,1,0,0,71,0.7091,Medium,Send personalized email,Source: Referral + Opened 4 emails + Active 7 days ago,2026-10-07T06:35:10.078349
00Q000000001044,Dev Reddy,PioneerSystems,Director of Sales,Director,Technology,295,Referral,1,0,3,0,1,2,0,8,105,1,0,0,42,0.4189,Low,Put into nurture,Few email opens + No email clicks,2026-10-07T06:35:10.078349
00Q000000005725,Ananya Verma,VertexIndustries,Analyst,Individual,Education,66,Event,2,1,1,0,0,1,1,1,66,0,0,0,14,0.1404,Low,Put into nurture,Junior role (Analyst) + Little website activity,2026-10-07T06:35:10.078349
00Q000000001734,Divya Das,SummitPartners,CEO,C-Level,Education,192,Web,3,2,2,0,0,0,2,13,49,1,0,0,40,0.4005,Low,Put into nurture,Education industry is a weaker fit + Little website activity,2026-10-07T06:35:10.078349
00Q000000002891,Ananya Malhotra,OrbitIndustries,VP Engineering,VP,Manufacturing,25,Referral,2,0,1,0,0,1,1,11,10,0,0,0,30,0.2987,Low,Put into nurture,Small company (25 employees) + No email clicks,2026-10-07T06:35:10.078349
00Q000000003492,Pooja Sharma,CobaltLabs,VP Marketing,VP,Technology,30,Paid Ad,3,1,2,0,0,3,0,10,37,0,1,0,16,0.1588,Low,Put into nurture,Small company (30 employees) + Free email domain,2026-10-07T06:35:10.078349
00Q000000002128,Vikram Sharma,ZenHealth,Head of Ops,Director,Other,689,Web,1,2,3,0,2,0,1,9,30,1,0,0,36,0.3576,Low,Put into nurture,Few email opens + Never viewed pricing,2026-10-07T06:35:10.078349
00Q000000004449,Pooja Nair,BlueSolutions,VP Marketing,VP,Other,20,Paid Ad,0,1,2,1,2,2,0,4,13,1,0,1,60,0.6018,Medium,Follow up later,Requested a demo + Senior decision maker (VP Marketing) + Active 4 days ago,2026-10-07T06:35:10.078349
00Q000000002428,Divya Gupta,VertexSolutions,Sales Manager,Manager,Healthcare,14,Event,4,1,2,1,2,2,0,66,5,1,1,1,23,0.2317,Low,Put into nurture,No activity for 66 days + Small company (14 employees),2026-10-07T06:35:10.078349
00Q000000004379,Aarav Bose,CobaltSystems,VP Engineering,VP,Retail,524,Referral,2,0,1,0,0,0,0,80,69,0,0,0,14,0.142,Low,Put into nurture,No activity for 80 days + No email clicks,2026-10-07T06:35:10.078349
00Q000000003769,Vikram Malhotra,ApexNetworks,Ops Manager,Manager,Technology,946,Paid Ad,3,3,4,0,0,1,2,7,98,1,1,0,55,0.5451,Medium,Follow up later,Clicked 3 email links + Good-fit company size (946 employees) + Responded to 2 campaigns,2026-10-07T06:35:10.078349
00Q000000005537,Arjun Iyer,BlueSystems,VP Sales,VP,Finance,1793,Web,1,0,0,0,0,0,0,5,93,1,0,0,28,0.2784,Low,Put into nurture,Few email opens + No email clicks,2026-10-07T06:35:10.078349
00Q000000001139,Riya Rao,HelixPartners,CEO,C-Level,Technology,370,Web,0,0,2,0,0,1,0,2,100,1,0,0,33,0.335,Low,Put into nurture,Few email opens + No email clicks,2026-10-07T06:35:10.078349
00Q000000004936,Nikhil Rao,OrbitDynamics,Head of Ops,Director,Finance,122,Partner,1,1,5,1,0,0,0,24,66,1,0,0,41,0.4112,Low,Put into nurture,Few email opens + No activity for 24 days,2026-10-07T06:35:10.078349
00Q000000004125,Dev Reddy,LumenPartners,Director of Sales,Director,Technology,8,Web,2,2,3,2,1,1,0,12,118,1,0,0,52,0.5207,Medium,Follow up later,Viewed pricing page 2x + Senior decision maker (Director of Sales) + Clicked 2 email links,2026-10-07T06:35:10.078349
00Q000000003449,Neha Bose,SummitDynamics,IT Manager,Manager,Other,33,Referral,3,1,4,0,0,0,0,12,115,1,1,0,10,0.0975,Low,Put into nurture,Small company (33 employees) + Free email domain,2026-10-07T06:35:10.078349
00Q000000003358,Dev Verma,BlueGroup,Coordinator,Individual,Finance,170,Event,2,0,1,0,0,0,0,16,56,1,0,0,10,0.1042,Low,Put into nurture,Junior role (Coordinator) + No email clicks,2026-10-07T06:35:10.078349
00Q000000001354,Ananya Gupta,NovaHealth,Engineer,Individual,Other,53,Paid Ad,5,2,6,2,3,4,2,13,95,1,0,0,81,0.806,High,Schedule a demo,Filled 3 form(s) + Opened 5 emails + Viewed pricing page 2x,2026-10-07T06:35:10.078349
00Q000000004993,Amit Singh,CobaltGroup,Ops Manager,Manager,Retail,73,Cold Outbound,1,0,1,0,0,0,1,20,29,1,1,0,3,0.0294,Low,Put into nurture,Few email opens + Source: Cold Outbound converts less,2026-10-07T06:35:10.078349
00Q000000004477,Karan Joshi,VertexHealth,VP Sales,VP,Manufacturing,523,Web,2,1,1,1,1,1,1,6,94,1,0,0,66,0.6553,Medium,Follow up later,Senior decision maker (VP Sales) + Good-fit company size (523 employees) + Active 6 days ago,2026-10-07T06:35:10.078349
00Q000000002638,Divya Das,HelixPartners,Coordinator,Individual,Other,14,Cold Outbound,2,0,3,0,1,0,0,0,82,1,0,0,11,0.1061,Low,Put into nurture,Small company (14 employees) + Source: Cold Outbound converts less,2026-10-07T06:35:10.078349
00Q000000001592,Kavya Gupta,PioneerSystems,Sales Manager,Manager,Manufacturing,75,Event,1,1,1,0,0,0,1,33,30,0,0,0,6,0.0612,Low,Put into nurture,No activity for 33 days + Few email opens,2026-10-07T06:35:10.078349
00Q000000001284,Rahul Patel,ApexLabs,CEO,C-Level,Healthcare,2957,Paid Ad,2,3,0,0,0,2,0,5,66,0,0,0,81,0.8091,High,Schedule a demo,"Good-fit company size (2,957 employees) + Senior decision maker (CEO) + Clicked 3 email links",2026-10-07T06:35:10.078349
00Q000000005042,Vikram Rao,ZenDynamics,Sales Manager,Manager,Education,7,Web,1,2,2,1,0,1,0,9,52,1,0,0,11,0.1067,Low,Put into nurture,Few email opens + Small company (7 employees),2026-10-07T06:35:10.078349
00Q000000002512,Ananya Reddy,QuantaWorks,IT Manager,Manager,Healthcare,2653,Paid Ad,7,0,4,0,0,1,1,3,4,1,0,0,71,0.7143,Medium,Send personalized email,"Good-fit company size (2,653 employees) + Opened 7 emails + 4 website visits",2026-10-07T06:35:10.078349
00Q000000005590,Ananya Rao,BlueSystems,VP Marketing,VP,Technology,9,Web,0,0,2,0,0,0,0,41,101,1,0,1,7,0.0727,Low,Put into nurture,No activity for 41 days + Few email opens,2026-10-07T06:35:10.078349
00Q000000000241,Arjun Sharma,VertexLabs,Coordinator,Individual,Retail,104,Web,3,1,3,1,0,0,0,7,36,1,1,0,14,0.1413,Low,Put into nurture,Junior role (Coordinator) + Free email domain,2026-10-07T06:35:10.078349
00Q000000003695,Isha Verma,PioneerGroup,Ops Manager,Manager,Other,100,Event,0,1,3,0,0,1,2,7,28,1,0,0,17,0.1684,Low,Put into nurture,Few email opens + Junior role (Ops Manager),2026-10-07T06:35:10.078349
00Q000000005743,Isha Singh,VertexPartners,Director of Sales,Director,Finance,56,Web,7,0,4,1,2,3,0,15,91,1,0,0,74,0.7431,Medium,Send personalized email,Opened 7 emails + Filled 2 form(s) + 4 website visits,2026-10-07T06:35:10.078349
00Q000000004708,Karan Das,PioneerSolutions,Director of IT,Director,Education,68,Paid Ad,1,1,3,0,0,0,0,6,89,1,0,0,17,0.1722,Low,Put into nurture,Few email opens + Never viewed pricing,2026-10-07T06:35:10.078349
00Q000000004707,Aarav Nair,LumenHealth,Director of IT,Director,Finance,2066,Referral,1,1,1,0,0,2,0,11,59,1,0,0,36,0.3604,Low,Put into nurture,Few email opens + Never viewed pricing,2026-10-07T06:35:10.078349
00Q000000004032,Sanjay Malhotra,CobaltIndustries,Head of Ops,Director,Finance,18,Web,2,0,2,1,0,2,2,8,25,1,0,0,22,0.221,Low,Put into nurture,Small company (18 employees) + No email clicks,2026-10-07T06:35:10.078349
00Q000000000168,Meera Sharma,CobaltLabs,Analyst,Individual,Manufacturing,307,Cold Outbound,3,1,3,0,0,3,1,17,98,1,0,0,9,0.0856,Low,Put into nurture,Junior role (Analyst) + Source: Cold Outbound converts less,2026-10-07T06:35:10.078349
00Q000000000992,Amit Kapoor,ApexSolutions,Engineer,Individual,Other,639,Web,6,3,3,1,0,2,1,5,85,0,0,0,59,0.5922,Medium,Follow up later,Opened 6 emails + Clicked 3 email links + Good-fit company size (639 employees),2026-10-07T06:35:10.078349
00Q000000005151,Sneha Verma,OrbitNetworks,Head of Ops,Director,Retail,292,Web,4,0,0,0,0,4,4,5,43,0,0,0,56,0.557,Medium,Follow up later,Responded to 4 campaigns + Active 5 days ago + Opened 4 emails,2026-10-07T06:35:10.078349
00Q000000005738,Karan Bose,SummitIndustries,CFO,C-Level,Finance,276,Paid Ad,0,1,1,0,0,0,0,77,81,0,0,0,11,0.1123,Low,Put into nurture,No activity for 77 days + Few email opens,2026-10-07T06:35:10.078349
00Q000000004053,Pooja Malhotra,LumenNetworks,Director of IT,Director,Finance,292,Paid Ad,3,2,1,1,0,1,0,10,86,0,0,0,51,0.5135,Medium,Follow up later,Senior decision maker (Director of IT) + Good-fit company size (292 employees) + Clicked 2 email links,2026-10-07T06:35:10.078349
00Q000000004416,Karan Malhotra,OrbitSystems,Ops Manager,Manager,Finance,112,Partner,7,1,5,0,1,1,3,3,32,1,0,0,84,0.8442,High,Schedule a demo,Opened 7 emails + 5 website visits + Active 3 days ago,2026-10-07T06:35:10.078349
00Q000000003846,Kavya Rao,LumenIndustries,Sales Manager,Manager,Technology,7,Event,3,1,1,0,0,2,1,11,43,0,1,0,8,0.0837,Low,Put into nurture,Small company (7 employees) + Free email domain,2026-10-07T06:35:10.078349
00Q000000000361,Dev Khan,VertexSystems,COO,C-Level,Retail,82,Cold Outbound,0,0,1,0,1,2,1,5,70,0,0,1,56,0.557,Medium,Follow up later,Requested a demo + Senior decision maker (COO) + Active 5 days ago,2026-10-07T06:35:10.078349
00Q000000004813,Arjun Verma,PioneerSystems,IT Manager,Manager,Finance,72,Referral,4,1,1,0,1,1,0,14,67,1,0,0,42,0.4153,Low,Put into nurture,Never viewed pricing + Little website activity,2026-10-07T06:35:10.078349
00Q000000004481,Isha Joshi,PioneerLabs,Engineer,Individual,Healthcare,33,Cold Outbound,2,0,2,0,0,1,2,14,114,1,0,0,3,0.0339,Low,Put into nurture,Junior role (Engineer) + Source: Cold Outbound converts less,2026-10-07T06:35:10.078349
00Q000000003792,Rohan Kapoor,VertexSystems,Coordinator,Individual,Technology,121,Web,0,0,2,1,1,1,0,13,45,1,0,0,7,0.0746,Low,Put into nurture,Few email opens + Junior role (Coordinator),2026-10-07T06:35:10.078349
00Q000000000957,Rohan Gupta,PioneerLabs,Sales Manager,Manager,Technology,9,Paid Ad,11,2,10,1,2,0,3,23,119,1,0,1,98,0.9807,Very High,Call the lead,Requested a demo + Opened 11 emails + 10 website visits,2026-10-07T06:35:10.078349
00Q000000002175,Nikhil Kapoor,QuantaSystems,Analyst,Individual,Technology,71,Paid Ad,0,0,3,0,0,0,0,0,68,1,0,0,12,0.1159,Low,Put into nurture,Few email opens + Junior role (Analyst),2026-10-07T06:35:10.078349
00Q000000005599,Karan Kapoor,ApexHealth,Ops Manager,Manager,Other,89,Paid Ad,3,1,6,0,0,0,1,16,97,0,0,0,19,0.1944,Low,Put into nurture,Never viewed pricing + No demo request,2026-10-07T06:35:10.078349
00Q000000005790,Riya Singh,NovaPartners,Director of Sales,Director,Manufacturing,113,Paid Ad,7,2,6,2,1,0,2,6,51,1,0,0,90,0.9042,Very High,Call the lead,Opened 7 emails + Viewed pricing page 2x + 6 website visits,2026-10-07T06:35:10.078349
00Q000000004808,Pooja Das,PioneerNetworks,Head of Ops,Director,Other,58,Web,2,0,0,0,0,0,0,14,118,1,0,0,10,0.1014,Low,Put into nurture,No email clicks + Never viewed pricing,2026-10-07T06:35:10.078349
00Q000000000555,Vikram Iyer,OrbitSystems,Analyst,Individual,Retail,93,Web,4,1,1,0,1,1,2,4,115,0,0,0,22,0.222,Low,Put into nurture,Junior role (Analyst) + Never viewed pricing,2026-10-07T06:35:10.078349
00Q000000001273,Dev Verma,PioneerSolutions,Ops Manager,Manager,Manufacturing,11,Cold Outbound,6,2,1,0,0,1,0,14,30,0,0,1,56,0.5612,Medium,Follow up later,Requested a demo + Opened 6 emails + Clicked 2 email links,2026-10-07T06:35:10.078349
00Q000000000418,Meera Bose,ApexHealth,COO,C-Level,Other,164,Cold Outbound,2,1,1,0,1,0,2,6,24,1,0,0,41,0.4085,Low,Put into nurture,Source: Cold Outbound converts less + Little website activity,2026-10-07T06:35:10.078349
00Q000000000320,Aarav Patel,NovaNetworks,VP Sales,VP,Retail,64,Paid Ad,3,4,5,1,0,0,2,4,78,1,0,0,83,0.8255,High,Schedule a demo,Senior decision maker (VP Sales) + Clicked 4 email links + Active 4 days ago,2026-10-07T06:35:10.078349
00Q000000003980,Karan Patel,ApexWorks,IT Manager,Manager,Technology,1476,Paid Ad,2,0,1,1,1,1,0,5,88,0,1,0,18,0.1782,Low,Put into nurture,Free email domain + No email clicks,2026-10-07T06:35:10.078349
00Q000000002786,Karan Nair,ApexPartners,Analyst,Individual,Other,143,Cold Outbound,0,0,2,0,0,3,3,4,34,0,0,0,4,0.0428,Low,Put into nurture,Few email opens + Junior role (Analyst),2026-10-07T06:35:10.078349
00Q000000004927,Amit Gupta,ZenWorks,VP Sales,VP,Manufacturing,10,Event,1,0,3,1,0,1,0,23,77,1,0,0,22,0.2231,Low,Put into nurture,Small company (10 employees) + Few email opens,2026-10-07T06:35:10.078349
00Q000000001613,Arjun Sharma,CobaltDynamics,Sales Manager,Manager,Manufacturing,60,Web,1,0,3,0,1,1,0,5,56,0,0,0,11,0.1106,Low,Put into nurture,Few email opens + No email clicks,2026-10-07T06:35:10.078349
00Q000000004485,Nikhil Rao,BlueHealth,Engineer,Individual,Retail,146,Referral,2,1,5,0,0,0,0,22,2,0,0,0,18,0.1796,Low,Put into nurture,Junior role (Engineer) + No activity for 22 days,2026-10-07T06:35:10.078349
00Q000000000733,Riya Khan,OrbitNetworks,Head of Ops,Director,Education,76,Cold Outbound,0,1,0,0,1,1,0,5,16,1,0,0,9,0.0883,Low,Put into nurture,Few email opens + Source: Cold Outbound converts less,2026-10-07T06:35:10.078349
00Q000000001861,Divya Kapoor,BlueSolutions,Ops Manager,Manager,Healthcare,96,Partner,0,1,3,0,0,0,1,11,103,0,0,0,14,0.1351,Low,Put into nurture,Few email opens + Junior role (Ops Manager),2026-10-07T06:35:10.078349
00Q000000005923,Rohan Kapoor,PioneerSystems,Coordinator,Individual,Healthcare,3,Web,3,0,0,0,0,0,0,11,31,0,0,0,4,0.0361,Low,Put into nurture,Small company (3 employees) + Junior role (Coordinator),2026-10-07T06:35:10.078349
00Q000000000127,Meera Mehta,SummitGroup,Ops Manager,Manager,Technology,79,Web,1,0,3,1,0,0,0,32,5,1,0,0,6,0.0589,Low,Put into nurture,No activity for 32 days + Few email opens,2026-10-07T06:35:10.078349
00Q000000003252,Amit Malhotra,CobaltSolutions,VP Sales,VP,Retail,128,Event,0,0,2,0,0,1,2,18,115,1,0,0,26,0.2644,Low,Put into nurture,Few email opens + No email clicks,2026-10-07T06:35:10.078349
00Q000000000647,Amit Das,ZenPartners,Head of Ops,Director,Finance,1303,Web,1,0,1,0,0,0,0,42,51,1,0,0,6,0.0631,Low,Put into nurture,No activity for 42 days + Few email opens,2026-10-07T06:35:10.078349
00Q000000005138,Isha Sharma,BlueWorks,Analyst,Individual,Retail,301,Cold Outbound,2,1,1,0,0,2,1,6,33,0,0,0,10,0.096,Low,Put into nurture,Junior role (Analyst) + Source: Cold Outbound converts less,2026-10-07T06:35:10.078349
00Q000000000911,Divya Verma,ApexPartners,VP Engineering,VP,Manufacturing,46,Web,0,1,1,0,1,2,1,11,1,1,0,1,59,0.5859,Medium,Follow up later,Requested a demo + Senior decision maker (VP Engineering),2026-10-07T06:35:10.078349
00Q000000005006,Rahul Singh,ZenHealth,Coordinator,Individual,Technology,421,Partner,0,0,0,0,0,1,0,27,43,1,0,0,8,0.0843,Low,Put into nurture,Few email opens + Junior role (Coordinator),2026-10-07T06:35:10.078349
00Q000000002561,Isha Kapoor,HelixSystems,Analyst,Individual,Technology,35,Paid Ad,4,0,2,0,0,1,0,26,52,0,1,0,3,0.0333,Low,Put into nurture,Junior role (Analyst) + Small company (35 employees),2026-10-07T06:35:10.078349
00Q000000000730,Aarav Reddy,LumenDynamics,IT Manager,Manager,Retail,19,Paid Ad,5,0,1,1,0,2,1,25,85,1,0,0,16,0.1611,Low,Put into nurture,Small company (19 employees) + No email clicks,2026-10-07T06:35:10.078349
00Q000000005298,Sanjay Das,OrbitGroup,Coordinator,Individual,Other,602,Web,4,0,1,0,0,0,1,31,20,0,0,0,7,0.0735,Low,Put into nurture,No activity for 31 days + Junior role (Coordinator),2026-10-07T06:35:10.078349
00Q000000002313,Riya Verma,VertexPartners,Director of IT,Director,Technology,47,Web,2,0,1,0,0,0,2,12,38,1,0,0,16,0.1624,Low,Put into nurture,Small company (47 employees) + No email clicks,2026-10-07T06:35:10.078349
00Q000000005879,Karan Joshi,NovaPartners,Director of IT,Director,Technology,281,Web,4,0,10,0,0,2,0,4,64,1,0,0,57,0.5733,Medium,Follow up later,10 website visits + Active 4 days ago + Good-fit company size (281 employees),2026-10-07T06:35:10.078349
00Q000000001181,Dev Patel,ApexLabs,COO,C-Level,Finance,28,Web,6,3,3,1,0,2,0,14,119,1,0,0,82,0.823,High,Schedule a demo,Senior decision maker (COO) + Opened 6 emails + Clicked 3 email links,2026-10-07T06:35:10.078349
00Q000000004889,Rahul Joshi,HelixSolutions,VP Engineering,VP,Retail,85,Cold Outbound,3,3,2,1,1,1,1,27,111,1,0,1,70,0.6972,Medium,Send personalized email,Requested a demo + Senior decision maker (VP Engineering) + Clicked 3 email links,2026-10-07T06:35:10.078349
00Q000000001073,Arjun Verma,NovaPartners,Engineer,Individual,Other,234,Event,1,0,0,0,0,3,0,16,26,0,1,0,6,0.0618,Low,Put into nurture,Junior role (Engineer) + Few email opens,2026-10-07T06:35:10.078349
00Q000000005440,Rohan Nair,PioneerGroup,COO,C-Level,Other,33,Paid Ad,1,1,2,0,0,1,2,12,21,0,0,0,22,0.2174,Low,Put into nurture,Few email opens + Small company (33 employees),2026-10-07T06:35:10.078349
00Q000000000497,Meera Malhotra,LumenSolutions,Engineer,Individual,Manufacturing,131,Web,3,0,1,1,0,1,0,40,68,1,0,0,4,0.0355,Low,Put into nurture,No activity for 40 days + Junior role (Engineer),2026-10-07T06:35:10.078349
00Q000000000569,Riya Rao,CobaltLabs,Director of Sales,Director,Manufacturing,358,Cold Outbound,4,2,5,0,1,1,0,12,4,1,1,0,32,0.3189,Low,Put into nurture,Source: Cold Outbound converts less + Never viewed pricing,2026-10-07T06:35:10.078349
00Q000000003503,Divya Nair,HelixSystems,Coordinator,Individual,Education,36,Web,3,0,0,0,1,0,1,2,23,1,0,0,10,0.0976,Low,Put into nurture,Junior role (Coordinator) + Small company (36 employees),2026-10-07T06:35:10.078349
00Q000000004829,Isha Malhotra,HelixPartners,Head of Ops,Director,Manufacturing,35,Cold Outbound,1,1,0,0,0,0,0,3,107,1,0,0,9,0.0892,Low,Put into nurture,Few email opens + Source: Cold Outbound converts less,2026-10-07T06:35:10.078349
00Q000000001182,Meera Kapoor,OrbitSolutions,IT Manager,Manager,Other,30,Web,0,0,1,0,1,1,0,4,44,1,0,0,4,0.0437,Low,Put into nurture,Few email opens + Small company (30 employees),2026-10-07T06:35:10.078349
00Q000000000394,Sanjay Mehta,CobaltDynamics,Director of IT,Director,Manufacturing,167,Web,2,3,3,0,0,2,0,2,41,1,0,1,81,0.8141,High,Schedule a demo,Requested a demo + Clicked 3 email links + Active 2 days ago,2026-10-07T06:35:10.078349
00Q000000002882,Aarav Verma,HelixSystems,VP Engineering,VP,Technology,227,Web,4,1,3,3,0,1,2,4,12,1,0,0,90,0.8969,Very High,Call the lead,Senior decision maker (VP Engineering) + Viewed pricing page 3x + Active 4 days ago,2026-10-07T06:35:10.078349
00Q000000005916,Rahul Khan,SummitPartners,Head of Ops,Director,Technology,83,Event,2,1,2,0,0,1,1,16,23,1,0,0,33,0.3348,Low,Put into nurture,Never viewed pricing + No demo request,2026-10-07T06:35:10.078349
00Q000000002820,Karan Gupta,OrbitDynamics,Coordinator,Individual,Finance,203,Paid Ad,0,1,1,0,0,1,0,43,61,0,0,0,3,0.027,Low,Put into nurture,No activity for 43 days + Few email opens,2026-10-07T06:35:10.078349
00Q000000001243,Nikhil Gupta,SummitIndustries,Engineer,Individual,Technology,131,Paid Ad,1,2,2,1,0,3,0,18,84,1,0,0,12,0.121,Low,Put into nurture,Junior role (Engineer) + Few email opens,2026-10-07T06:35:10.078349
00Q000000003163,Rohan Khan,BlueGroup,IT Manager,Manager,Technology,40,Paid Ad,1,1,6,3,0,1,0,6,26,0,0,0,39,0.3874,Low,Put into nurture,Small company (40 employees) + Few email opens,2026-10-07T06:35:10.078349
00Q000000004962,Meera Reddy,PioneerSolutions,Ops Manager,Manager,Manufacturing,213,Web,5,1,2,0,0,0,5,8,118,1,1,0,15,0.1462,Low,Put into nurture,Free email domain + No campaign response,2026-10-07T06:35:10.078349
00Q000000005611,Sanjay Kapoor,NovaHealth,CEO,C-Level,Healthcare,67,Cold Outbound,4,0,1,0,0,0,0,32,111,1,0,0,7,0.0676,Low,Put into nurture,No activity for 32 days + Source: Cold Outbound converts less,2026-10-07T06:35:10.078349
00Q000000001178,Kavya Nair,OrbitSolutions,COO,C-Level,Healthcare,687,Partner,3,2,3,0,0,0,0,20,22,0,0,0,66,0.6642,Medium,Follow up later,Senior decision maker (COO) + Source: Partner + Good-fit company size (687 employees),2026-10-07T06:35:10.078349
00Q000000003499,Divya Khan,BlueIndustries,VP Marketing,VP,Technology,81,Web,2,1,1,0,1,1,3,7,57,1,0,0,59,0.5896,Medium,Follow up later,Senior decision maker (VP Marketing) + Responded to 3 campaigns + Active 7 days ago,2026-10-07T06:35:10.078349
00Q000000003420,Vikram Malhotra,SummitNetworks,Sales Manager,Manager,Other,63,Referral,0,1,1,0,0,2,0,90,8,1,0,0,3,0.029,Low,Put into nurture,No activity for 90 days + Few email opens,2026-10-07T06:35:10.078349
00Q000000004300,Kavya Patel,HelixHealth,Engineer,Individual,Healthcare,18,Referral,2,0,1,0,1,1,1,8,15,0,1,0,6,0.0628,Low,Put into nurture,Small company (18 employees) + Junior role (Engineer),2026-10-07T06:35:10.078349
00Q000000000180,Divya Verma,VertexHealth,Coordinator,Individual,Technology,172,Event,3,1,5,1,0,0,0,11,104,0,1,0,21,0.2085,Low,Put into nurture,Junior role (Coordinator) + Free email domain,2026-10-07T06:35:10.078349
00Q000000004844,Arjun Joshi,VertexSystems,VP Marketing,VP,Technology,209,Web,3,0,0,0,1,0,0,4,66,1,0,0,35,0.3496,Low,Put into nurture,No email clicks + Little website activity,2026-10-07T06:35:10.078349
00Q000000004369,Isha Gupta,SummitPartners,VP Marketing,VP,Healthcare,74,Event,3,2,2,0,0,1,0,2,71,1,0,1,88,0.8848,High,Schedule a demo,Requested a demo + Senior decision maker (VP Marketing) + Active 2 days ago,2026-10-07T06:35:10.078349
00Q000000005541,Amit Rao,LumenHealth,Coordinator,Individual,Healthcare,135,Cold Outbound,1,1,0,0,0,2,0,5,49,1,0,0,8,0.0824,Low,Put into nurture,Junior role (Coordinator) + Few email opens,2026-10-07T06:35:10.078349
00Q000000001927,Vikram Rao,SummitIndustries,Engineer,Individual,Manufacturing,8,Paid Ad,2,0,1,0,0,0,0,6,67,1,0,0,5,0.0457,Low,Put into nurture,Small company (8 employees) + Junior role (Engineer),2026-10-07T06:35:10.078349
00Q000000003272,Riya Bose,NovaSystems,Director of IT,Director,Technology,897,Cold Outbound,3,2,5,0,1,0,0,1,75,1,0,0,39,0.3937,Low,Put into nurture,Source: Cold Outbound converts less + Never viewed pricing,2026-10-07T06:35:10.078349
00Q000000003177,Neha Bose,BlueGroup,Analyst,Individual,Other,360,Cold Outbound,3,0,2,0,0,1,0,5,56,0,1,0,6,0.0629,Low,Put into nurture,Junior role (Analyst) + Source: Cold Outbound converts less,2026-10-07T06:35:10.078349
00Q000000003295,Vikram Das,VertexDynamics,Ops Manager,Manager,Other,141,Web,8,2,2,0,1,3,0,20,106,1,0,0,47,0.4697,Low,Put into nurture,Little website activity + Never viewed pricing,2026-10-07T06:35:10.078349
00Q000000002018,Isha Verma,LumenLabs,Analyst,Individual,Technology,237,Cold Outbound,6,0,1,1,0,0,1,1,24,1,0,1,77,0.7749,High,Send personalized email,Requested a demo + Opened 6 emails + Active 1 days ago,2026-10-07T06:35:10.078349
00Q000000002485,Priya Singh,LumenPartners,Ops Manager,Manager,Technology,299,Web,2,0,1,1,0,1,0,9,1,1,1,0,12,0.123,Low,Put into nurture,Free email domain + No email clicks,2026-10-07T06:35:10.078349
00Q000000001697,Ananya Malhotra,QuantaGroup,Engineer,Individual,Technology,42,Partner,4,5,8,0,0,4,3,3,107,0,0,1,94,0.9418,Very High,Send personalized email,Requested a demo + 8 website visits + Clicked 5 email links (no phone on file),2026-10-07T06:35:10.078349
00Q000000001422,Divya Reddy,NovaWorks,Head of Ops,Director,Manufacturing,280,Web,2,1,6,2,0,1,0,4,103,1,0,0,83,0.8267,High,Schedule a demo,Viewed pricing page 2x + Senior decision maker (Head of Ops) + Active 4 days ago,2026-10-07T06:35:10.078349
00Q000000003815,Sneha Verma,NovaWorks,Ops Manager,Manager,Finance,45,Event,1,1,1,0,0,0,0,5,26,0,0,0,13,0.1329,Low,Put into nurture,Few email opens + Small company (45 employees),2026-10-07T06:35:10.078349
00Q000000005206,Riya Rao,BlueSystems,IT Manager,Manager,Healthcare,407,Web,0,0,2,0,0,0,0,60,27,1,0,0,3,0.0259,Low,Put into nurture,No activity for 60 days + Few email opens,2026-10-07T06:35:10.078349
00Q000000002150,Riya Reddy,QuantaWorks,IT Manager,Manager,Retail,168,Web,3,0,2,0,0,1,0,26,62,0,0,0,7,0.0658,Low,Put into nurture,No activity for 26 days + No email clicks,2026-10-07T06:35:10.078349
00Q000000002674,Amit Kapoor,HelixWorks,VP Engineering,VP,Retail,288,Web,0,1,2,2,0,2,1,10,96,1,0,0,57,0.5679,Medium,Follow up later,Senior decision maker (VP Engineering) + Viewed pricing page 2x + Good-fit company size (288 employees),2026-10-07T06:35:10.078349
00Q000000005447,Sanjay Bose,ZenSolutions,VP Engineering,VP,Education,295,Cold Outbound,1,1,3,1,0,3,2,11,30,0,0,0,35,0.3477,Low,Put into nurture,Few email opens + Source: Cold Outbound converts less,2026-10-07T06:35:10.078349
00Q000000004278,Sneha Khan,ZenHealth,Engineer,Individual,Technology,245,Paid Ad,3,1,1,1,0,0,2,12,10,1,0,0,19,0.1883,Low,Put into nurture,Junior role (Engineer) + Little website activity,2026-10-07T06:35:10.078349
00Q000000003330,Meera Sharma,VertexIndustries,CFO,C-Level,Manufacturing,1041,Event,4,0,2,0,2,3,0,11,70,1,0,0,68,0.6766,Medium,Follow up later,"Senior decision maker (CFO) + Filled 2 form(s) + Good-fit company size (1,041 employees)",2026-10-07T06:35:10.078349
00Q000000003786,Sanjay Kapoor,ApexDynamics,Director of Sales,Director,Other,19,Partner,2,3,1,0,1,1,0,11,54,1,0,0,29,0.2859,Low,Put into nurture,Small company (19 employees) + Little website activity,2026-10-07T06:35:10.078349
00Q000000001446,Arjun Iyer,PioneerWorks,VP Engineering,VP,Retail,338,Web,5,6,4,4,1,3,1,5,14,1,0,1,98,0.9783,Very High,Call the lead,Requested a demo + Senior decision maker (VP Engineering) + Viewed pricing page 4x,2026-10-07T06:35:10.078349
00Q000000003142,Divya Nair,ApexNetworks,Ops Manager,Manager,Other,150,Partner,5,1,1,0,0,5,1,1,116,1,0,0,46,0.4578,Low,Put into nurture,Little website activity + Never viewed pricing,2026-10-07T06:35:10.078349
00Q000000000107,Rohan Das,PioneerPartners,Sales Manager,Manager,Technology,140,Partner,2,2,3,0,1,0,0,12,40,1,0,0,27,0.2715,Low,Put into nurture,Junior role (Sales Manager) + Never viewed pricing,2026-10-07T06:35:10.078349
00Q000000000574,Sneha Rao,ApexLabs,Sales Manager,Manager,Manufacturing,42,Paid Ad,3,0,2,0,0,0,0,3,89,1,0,0,10,0.1007,Low,Put into nurture,Small company (42 employees) + No email clicks,2026-10-07T06:35:10.078349
00Q000000005371,Sanjay Singh,PioneerSolutions,COO,C-Level,Finance,744,Web,5,3,3,0,1,1,1,11,50,1,0,0,88,0.8809,High,Schedule a demo,Senior decision maker (COO) + Opened 5 emails + Clicked 3 email links,2026-10-07T06:35:10.078349
00Q000000005232,Arjun Singh,PioneerSystems,Sales Manager,Manager,Education,106,Cold Outbound,2,0,1,0,0,1,1,7,35,1,0,0,8,0.0759,Low,Put into nurture,Source: Cold Outbound converts less + No email clicks,2026-10-07T06:35:10.078349
00Q000000002277,Amit Iyer,ZenLabs,Director of IT,Director,Technology,317,Cold Outbound,7,6,6,1,2,1,3,3,24,0,0,1,97,0.9722,Very High,Send personalized email,Requested a demo + Filled 2 form(s) + Opened 7 emails (no phone on file),2026-10-07T06:35:10.078349
00Q000000004581,Isha Gupta,CobaltLabs,Head of Ops,Director,Manufacturing,31,Web,3,4,1,1,1,3,0,5,18,1,0,1,83,0.8341,High,Schedule a demo,Requested a demo + Clicked 4 email links + Active 5 days ago,2026-10-07T06:35:10.078349
00Q000000004805,Isha Khan,ApexSystems,Ops Manager,Manager,Technology,22,Web,1,0,1,0,0,0,0,8,51,1,0,1,42,0.4193,Low,Put into nurture,Few email opens + Small company (22 employees),2026-10-07T06:35:10.078349
00Q000000001353,Sneha Rao,LumenLabs,Director of Sales,Director,Finance,488,Event,0,1,2,1,1,2,2,6,118,1,0,0,45,0.4474,Low,Put into nurture,Few email opens + Aging lead (118 days old),2026-10-07T06:35:10.078349
00Q000000004132,Divya Mehta,SummitSystems,Sales Manager,Manager,Healthcare,69,Web,1,1,0,0,0,0,1,13,11,1,0,0,7,0.0661,Low,Put into nurture,Few email opens + Junior role (Sales Manager),2026-10-07T06:35:10.078349
00Q000000005712,Rohan Gupta,ApexNetworks,Sales Manager,Manager,Finance,74,Web,3,1,4,1,1,0,3,18,49,1,0,0,42,0.4234,Low,Put into nurture,Junior role (Sales Manager) + No demo request,2026-10-07T06:35:10.078349
00Q000000002030,Pooja Das,CobaltGroup,VP Marketing,VP,Other,35,Referral,5,2,5,1,0,3,0,17,9,1,0,0,74,0.7373,Medium,Send personalized email,Senior decision maker (VP Marketing) + Opened 5 emails + 5 website visits,2026-10-07T06:35:10.078349
00Q000000003768,Meera Iyer,CobaltDynamics,Analyst,Individual,Retail,16,Web,1,2,1,0,0,2,1,89,112,1,0,0,3,0.0251,Low,Put into nurture,No activity for 89 days + Junior role (Analyst),2026-10-07T06:35:10.078349
00Q000000000057,Dev Verma,ZenIndustries,Ops Manager,Manager,Finance,108,Paid Ad,7,3,3,1,0,2,1,3,74,1,0,1,94,0.942,Very High,Call the lead,Requested a demo + Opened 7 emails + Clicked 3 email links,2026-10-07T06:35:10.078349
00Q000000003616,Aarav Sharma,CobaltWorks,Coordinator,Individual,Manufacturing,23,Referral,5,3,4,0,0,3,2,7,39,1,0,1,85,0.8475,High,Schedule a demo,Requested a demo + Opened 5 emails + Source: Referral,2026-10-07T06:35:10.078349
00Q000000002425,Ananya Bose,HelixIndustries,Head of Ops,Director,Healthcare,16,Partner,4,0,2,0,2,0,1,2,64,0,0,0,27,0.2687,Low,Put into nurture,Small company (16 employees) + No email clicks,2026-10-07T06:35:10.078349
00Q000000004900,Isha Malhotra,HelixIndustries,VP Engineering,VP,Manufacturing,300,Referral,0,1,1,0,0,1,1,8,16,0,0,0,46,0.4577,Low,Put into nurture,Few email opens + Never viewed pricing,2026-10-07T06:35:10.078349
00Q000000001802,Dev Rao,ApexSystems,Ops Manager,Manager,Retail,180,Web,1,0,3,0,0,1,0,7,111,1,0,0,12,0.1165,Low,Put into nurture,Few email opens + No email clicks,2026-10-07T06:35:10.078349
00Q000000002893,Priya Bose,QuantaHealth,IT Manager,Manager,Manufacturing,51,Web,3,0,1,0,1,0,0,8,60,0,0,0,9,0.0861,Low,Put into nurture,No email clicks + Small company (51 employees),2026-10-07T06:35:10.078349
00Q000000002407,Rahul Iyer,ApexLabs,Head of Ops,Director,Technology,489,Partner,7,1,2,0,0,1,2,2,10,1,0,0,77,0.7658,High,Send personalized email,Opened 7 emails + Good-fit company size (489 employees) + Responded to 2 campaigns,2026-10-07T06:35:10.078349
00Q000000001340,Kavya Reddy,BlueIndustries,Head of Ops,Director,Manufacturing,59,Referral,0,0,1,0,1,2,1,33,1,1,1,0,5,0.0459,Low,Put into nurture,No activity for 33 days + Few email opens,2026-10-07T06:35:10.078349
00Q000000000053,Ananya Khan,PioneerWorks,Ops Manager,Manager,Finance,53,Web,2,0,3,0,0,2,0,20,3,1,1,0,6,0.0586,Low,Put into nurture,Free email domain + No email clicks,2026-10-07T06:35:10.078349
00Q000000000624,Amit Joshi,ZenSystems,Ops Manager,Manager,Technology,15,Paid Ad,5,0,5,1,0,2,1,17,34,1,0,1,72,0.7155,Medium,Send personalized email,Requested a demo + Opened 5 emails + 5 website visits,2026-10-07T06:35:10.078349
00Q000000003125,Karan Nair,VertexNetworks,Engineer,Individual,Technology,35,Event,4,2,3,0,3,0,2,24,74,1,0,1,89,0.8919,High,Schedule a demo,Requested a demo + Filled 3 form(s) + Opened 4 emails,2026-10-07T06:35:10.078349
00Q000000001702,Amit Singh,HelixLabs,Engineer,Individual,Technology,491,Event,1,1,2,0,1,2,0,11,25,0,0,1,68,0.6823,Medium,Follow up later,Requested a demo + Source: Event + Good-fit company size (491 employees),2026-10-07T06:35:10.078349
00Q000000004612,Karan Mehta,VertexIndustries,IT Manager,Manager,Manufacturing,1380,Referral,1,2,0,0,0,0,1,2,53,1,0,0,43,0.4342,Low,Put into nurture,Few email opens + Junior role (IT Manager),2026-10-07T06:35:10.078349
00Q000000003095,Divya Malhotra,SummitNetworks,Engineer,Individual,Other,92,Web,0,1,0,0,0,0,0,3,23,1,0,0,6,0.0564,Low,Put into nurture,Few email opens + Junior role (Engineer),2026-10-07T06:35:10.078349
00Q000000004947,Divya Khan,SummitIndustries,Director of Sales,Director,Finance,75,Web,2,0,3,0,1,3,0,4,50,1,0,0,36,0.3567,Low,Put into nurture,No email clicks + Never viewed pricing,2026-10-07T06:35:10.078349
00Q000000002961,Riya Patel,ZenPartners,Analyst,Individual,Finance,33,Web,0,0,2,0,0,2,0,24,19,1,0,1,26,0.264,Low,Put into nurture,Few email opens + Junior role (Analyst),2026-10-07T06:35:10.078349
00Q000000001539,Ananya Mehta,ApexSystems,Analyst,Individual,Education,188,Referral,4,2,6,1,2,4,3,4,56,1,0,1,95,0.9545,Very High,Call the lead,Requested a demo + Filled 2 form(s) + Active 4 days ago,2026-10-07T06:35:10.078349
00Q000000005870,Rahul Kapoor,CobaltGroup,Engineer,Individual,Finance,51,Paid Ad,3,1,1,1,0,1,0,3,12,1,1,1,51,0.5125,Medium,Follow up later,Requested a demo + Active 3 days ago,2026-10-07T06:35:10.078349
00Q000000004171,Arjun Bose,HelixNetworks,Sales Manager,Manager,Education,65,Web,3,1,0,0,0,0,1,3,22,1,0,1,67,0.6737,Medium,Follow up later,Requested a demo + Active 3 days ago,2026-10-07T06:35:10.078349
00Q000000001458,Divya Singh,SummitDynamics,IT Manager,Manager,Technology,1799,Paid Ad,8,2,5,0,2,2,2,21,20,0,0,0,81,0.8102,High,Schedule a demo,Opened 8 emails + Filled 2 form(s) + 5 website visits,2026-10-07T06:35:10.078349
00Q000000001870,Priya Kapoor,NovaDynamics,Coordinator,Individual,Other,650,Paid Ad,2,1,5,1,1,1,1,6,87,1,0,1,70,0.6953,Medium,Send personalized email,Requested a demo + Active 6 days ago + Good-fit company size (650 employees),2026-10-07T06:35:10.078349
00Q000000004185,Arjun Nair,PioneerNetworks,Ops Manager,Manager,Retail,349,Partner,1,1,2,1,0,1,2,20,43,0,1,0,11,0.1064,Low,Put into nurture,Free email domain + Few email opens,2026-10-07T06:35:10.078349
00Q000000001481,Sanjay Kapoor,BlueGroup,CFO,C-Level,Technology,15,Web,5,0,3,1,2,0,0,3,68,1,0,0,73,0.731,Medium,Send personalized email,Senior decision maker (CFO) + Opened 5 emails + Filled 2 form(s),2026-10-07T06:35:10.078349
00Q000000003909,Dev Patel,VertexLabs,VP Marketing,VP,Manufacturing,59,Web,0,0,2,1,0,0,0,11,2,1,0,0,14,0.1395,Low,Put into nurture,Few email opens + No email clicks,2026-10-07T06:35:10.078349
00Q000000002746,Nikhil Patel,NovaLabs,Director of Sales,Director,Retail,44,Partner,6,1,3,1,0,2,1,3,21,1,0,0,72,0.7157,Medium,Send personalized email,Opened 6 emails + Senior decision maker (Director of Sales) + Active 3 days ago,2026-10-07T06:35:10.078349
00Q000000001252,Rahul Sharma,QuantaNetworks,Sales Manager,Manager,Technology,691,Event,0,0,1,0,0,2,0,18,15,1,0,0,14,0.1388,Low,Put into nurture,Few email opens + No email clicks,2026-10-07T06:35:10.078349
00Q000000001435,Sneha Patel,QuantaGroup,Analyst,Individual,Finance,363,Cold Outbound,1,2,3,0,0,0,1,7,117,1,1,0,5,0.048,Low,Put into nurture,Junior role (Analyst) + Aging lead (117 days old),2026-10-07T06:35:10.078349
00Q000000004663,Kavya Bose,ZenDynamics,Analyst,Individual,Manufacturing,52,Paid Ad,3,0,4,0,0,2,0,6,61,1,0,0,13,0.1302,Low,Put into nurture,Junior role (Analyst) + No email clicks,2026-10-07T06:35:10.078349
00Q000000001068,Vikram Sharma,VertexPartners,Director of Sales,Director,Technology,38,Cold Outbound,7,3,3,0,2,2,1,11,36,1,0,0,63,0.6342,Medium,Follow up later,Opened 7 emails + Filled 2 form(s) + Clicked 3 email links,2026-10-07T06:35:10.078349
00Q000000004908,Amit Singh,OrbitGroup,IT Manager,Manager,Technology,9,Web,2,0,1,0,0,3,0,47,66,1,0,0,2,0.0228,Low,Put into nurture,No activity for 47 days + Small company (9 employees),2026-10-07T06:35:10.078349
00Q000000004014,Divya Malhotra,HelixIndustries,Director of Sales,Director,Education,260,Cold Outbound,7,0,2,2,0,1,1,11,44,1,0,0,50,0.4996,Medium,Follow up later,Opened 7 emails + Viewed pricing page 2x + Senior decision maker (Director of Sales),2026-10-07T06:35:10.078349
00Q000000001460,Dev Sharma,VertexLabs,COO,C-Level,Manufacturing,470,Web,3,0,7,0,0,5,1,14,94,1,0,1,83,0.8346,High,Schedule a demo,Requested a demo + Senior decision maker (COO) + Good-fit company size (470 employees),2026-10-07T06:35:10.078349
00Q000000001767,Riya Mehta,SummitSolutions,Sales Manager,Manager,Technology,32,Web,2,2,2,0,1,3,0,28,37,1,1,0,6,0.0637,Low,Put into nurture,Small company (32 employees) + No activity for 28 days,2026-10-07T06:35:10.078349
00Q000000000722,Sanjay Reddy,OrbitNetworks,Coordinator,Individual,Other,3429,Web,0,0,1,0,0,0,0,12,52,1,1,0,7,0.0725,Low,Put into nurture,Few email opens + Junior role (Coordinator),2026-10-07T06:35:10.078349
00Q000000003790,Rahul Rao,ApexSystems,Coordinator,Individual,Other,55,Cold Outbound,4,0,2,0,0,0,0,14,37,1,1,0,4,0.0355,Low,Put into nurture,Junior role (Coordinator) + Source: Cold Outbound converts less,2026-10-07T06:35:10.078349
00Q000000004208,Neha Khan,ApexHealth,Head of Ops,Director,Technology,552,Cold Outbound,6,2,4,0,0,2,0,17,61,1,0,0,37,0.3662,Low,Put into nurture,Source: Cold Outbound converts less + Never viewed pricing,2026-10-07T06:35:10.078349
00Q000000002381,Divya Nair,SummitLabs,VP Sales,VP,Education,76,Partner,9,2,9,1,0,1,1,20,98,1,0,0,92,0.923,Very High,Call the lead,9 website visits + Opened 9 emails + Senior decision maker (VP Sales),2026-10-07T06:35:10.078349
00Q000000001341,Amit Kapoor,HelixIndustries,Coordinator,Individual,Other,81,Web,4,1,2,0,0,0,1,42,105,0,0,0,4,0.0431,Low,Put into nurture,No activity for 42 days + Junior role (Coordinator),2026-10-07T06:35:10.078349
00Q000000004393,Meera Iyer,ZenWorks,IT Manager,Manager,Other,974,Partner,3,0,0,0,1,1,1,9,70,1,0,0,25,0.2457,Low,Put into nurture,No email clicks + No demo request,2026-10-07T06:35:10.078349
00Q000000003299,Priya Kapoor,LumenDynamics,Director of IT,Director,Technology,725,Web,3,2,2,1,0,1,0,12,24,0,0,0,51,0.5143,Medium,Follow up later,Senior decision maker (Director of IT) + Good-fit company size (725 employees) + Clicked 2 email links,2026-10-07T06:35:10.078349
00Q000000001146,Pooja Sharma,ZenSystems,Engineer,Individual,Retail,26,Paid Ad,0,0,5,1,0,1,1,22,71,1,1,0,3,0.0311,Low,Put into nurture,Few email opens + Junior role (Engineer),2026-10-07T06:35:10.078349
00Q000000001298,Vikram Nair,HelixIndustries,Coordinator,Individual,Technology,234,Partner,1,0,1,0,0,0,2,4,40,1,0,0,21,0.2056,Low,Put into nurture,Junior role (Coordinator) + Few email opens,2026-10-07T06:35:10.078349
00Q000000001335,Vikram Mehta,HelixLabs,Sales Manager,Manager,Finance,240,Referral,2,2,4,0,1,2,0,2,1,1,1,0,44,0.4407,Low,Put into nurture,Free email domain + Junior role (Sales Manager),2026-10-07T06:35:10.078349
00Q000000001726,Arjun Sharma,VertexLabs,Engineer,Individual,Technology,29,Referral,3,0,2,0,0,1,0,18,2,1,0,0,7,0.0714,Low,Put into nurture,Small company (29 employees) + Junior role (Engineer),2026-10-07T06:35:10.078349
00Q000000002500,Sanjay Malhotra,ApexPartners,IT Manager,Manager,Technology,43,Web,5,0,3,1,1,1,0,1,66,1,0,0,39,0.3868,Low,Put into nurture,Small company (43 employees) + No email clicks,2026-10-07T06:35:10.078349
00Q000000002370,Rohan Sharma,OrbitDynamics,Ops Manager,Manager,Manufacturing,52,Partner,2,1,0,0,0,2,0,15,81,1,0,0,15,0.1506,Low,Put into nurture,Never viewed pricing + Junior role (Ops Manager),2026-10-07T06:35:10.078349
00Q000000004344,Divya Malhotra,BlueDynamics,Director of IT,Director,Technology,4,Cold Outbound,2,1,1,1,1,3,0,22,74,0,0,0,11,0.1098,Low,Put into nurture,Small company (4 employees) + Source: Cold Outbound converts less,2026-10-07T06:35:10.078349
00Q000000004077,Amit Gupta,PioneerDynamics,Head of Ops,Director,Education,188,Web,1,2,2,0,1,1,1,17,78,1,0,0,22,0.2176,Low,Put into nurture,Few email opens + Education industry is a weaker fit,2026-10-07T06:35:10.078349
00Q000000004254,Sneha Joshi,OrbitGroup,VP Marketing,VP,Healthcare,47,Cold Outbound,0,0,2,0,0,1,0,4,62,0,0,0,7,0.0654,Low,Put into nurture,Few email opens + Source: Cold Outbound converts less,2026-10-07T06:35:10.078349
00Q000000005093,Priya Patel,LumenSystems,Director of IT,Director,Finance,303,Cold Outbound,4,0,1,0,0,1,0,7,24,1,0,0,25,0.2477,Low,Put into nurture,Source: Cold Outbound converts less + No email clicks,2026-10-07T06:35:10.078349
00Q000000004333,Meera Nair,BlueSystems,Analyst,Individual,Other,113,Referral,5,0,4,0,0,2,2,1,117,1,1,0,35,0.3529,Low,Put into nurture,Junior role (Analyst) + Free email domain,2026-10-07T06:35:10.078349
00Q000000000250,Arjun Malhotra,NovaHealth,Head of Ops,Director,Finance,48,Paid Ad,5,0,2,0,0,1,1,6,2,1,0,0,29,0.2901,Low,Put into nurture,Small company (48 employees) + No email clicks,2026-10-07T06:35:10.078349
00Q000000000145,Arjun Nair,SummitIndustries,Director of Sales,Director,Finance,38,Paid Ad,0,0,3,0,0,3,0,35,7,0,0,0,4,0.0424,Low,Put into nurture,No activity for 35 days + Few email opens,2026-10-07T06:35:10.078349
00Q000000005459,Isha Mehta,BlueHealth,Analyst,Individual,Technology,52,Web,3,2,1,1,0,0,1,1,3,0,0,0,16,0.1613,Low,Put into nurture,Junior role (Analyst) + Little website activity,2026-10-07T06:35:10.078349
00Q000000003787,Rohan Singh,LumenIndustries,IT Manager,Manager,Technology,26,Cold Outbound,5,1,0,0,0,1,0,26,30,1,0,1,47,0.4654,Low,Put into nurture,Source: Cold Outbound converts less + No activity for 26 days,2026-10-07T06:35:10.078349
00Q000000004973,Vikram Iyer,NovaWorks,Sales Manager,Manager,Technology,853,Paid Ad,0,0,0,0,0,0,0,52,28,1,0,0,3,0.03,Low,Put into nurture,No activity for 52 days + Few email opens,2026-10-07T06:35:10.078349
00Q000000001143,Rohan Reddy,VertexGroup,IT Manager,Manager,Other,274,Paid Ad,0,0,0,0,0,0,0,33,90,1,0,0,4,0.0411,Low,Put into nurture,Few email opens + No activity for 33 days,2026-10-07T06:35:10.078349
00Q000000003896,Dev Khan,ZenGroup,Ops Manager,Manager,Technology,220,Cold Outbound,0,0,0,0,1,1,0,9,91,1,0,0,5,0.05,Low,Put into nurture,Few email opens + Source: Cold Outbound converts less,2026-10-07T06:35:10.078349
00Q000000002469,Dev Verma,NovaWorks,Engineer,Individual,Manufacturing,89,Event,1,1,5,0,1,1,1,5,49,0,0,0,30,0.3041,Low,Put into nurture,Junior role (Engineer) + Few email opens,2026-10-07T06:35:10.078349
00Q000000005833,Ananya Kapoor,QuantaNetworks,Analyst,Individual,Retail,479,Cold Outbound,0,0,0,0,1,1,0,50,28,0,0,0,2,0.0155,Low,Put into nurture,No activity for 50 days + Few email opens,2026-10-07T06:35:10.078349
00Q000000003264,Aarav Kapoor,SummitIndustries,Head of Ops,Director,Healthcare,50,Event,3,0,2,2,0,1,2,8,105,0,0,0,43,0.4266,Low,Put into nurture,Small company (50 employees) + No email clicks,2026-10-07T06:35:10.078349
00Q000000000844,Vikram Mehta,BlueWorks,Coordinator,Individual,Retail,127,Web,4,0,2,0,1,2,1,21,51,1,0,0,13,0.1255,Low,Put into nurture,Junior role (Coordinator) + No email clicks,2026-10-07T06:35:10.078349
00Q000000001895,Ananya Joshi,LumenSolutions,Coordinator,Individual,Manufacturing,94,Paid Ad,7,1,2,0,0,1,0,13,74,1,0,0,22,0.216,Low,Put into nurture,Junior role (Coordinator) + Never viewed pricing,2026-10-07T06:35:10.078349
00Q000000000944,Kavya Singh,SummitLabs,Sales Manager,Manager,Finance,727,Web,2,0,1,1,0,1,1,18,95,1,0,0,21,0.2074,Low,Put into nurture,No email clicks + Junior role (Sales Manager),2026-10-07T06:35:10.078349
00Q000000000298,Sanjay Das,PioneerIndustries,VP Sales,VP,Manufacturing,121,Web,1,0,1,1,0,0,0,14,93,1,0,0,25,0.25,Low,Put into nurture,Few email opens + No email clicks,2026-10-07T06:35:10.078349
00Q000000005530,Sanjay Malhotra,ZenIndustries,Analyst,Individual,Manufacturing,163,Cold Outbound,0,0,1,0,0,1,0,4,13,1,0,0,4,0.0414,Low,Put into nurture,Few email opens + Junior role (Analyst),2026-10-07T06:35:10.078349
00Q000000005098,Riya Verma,NovaNetworks,Director of IT,Director,Education,248,Web,1,1,4,0,0,1,2,8,7,1,0,0,17,0.1662,Low,Put into nurture,Few email opens + Education industry is a weaker fit,2026-10-07T06:35:10.078349
00Q000000005988,Rohan Malhotra,SummitSolutions,VP Sales,VP,Retail,654,Cold Outbound,1,2,5,3,0,1,1,3,16,0,0,1,95,0.9536,Very High,Send personalized email,Viewed pricing page 3x + Requested a demo + Senior decision maker (VP Sales) (no phone on file),2026-10-07T06:35:10.078349
00Q000000001155,Dev Malhotra,QuantaNetworks,Ops Manager,Manager,Other,112,Paid Ad,1,2,2,0,2,2,0,17,97,0,0,0,13,0.1272,Low,Put into nurture,Few email opens + Junior role (Ops Manager),2026-10-07T06:35:10.078349
00Q000000004584,Aarav Rao,QuantaWorks,VP Engineering,VP,Finance,268,Event,1,0,0,0,1,1,0,8,35,1,0,0,40,0.4023,Low,Put into nurture,Few email opens + No email clicks,2026-10-07T06:35:10.078349
00Q000000000797,Isha Singh,OrbitWorks,Ops Manager,Manager,Technology,940,Event,4,0,2,1,1,0,1,6,118,1,1,1,86,0.859,High,Schedule a demo,Requested a demo + Good-fit company size (940 employees) + Opened 4 emails,2026-10-07T06:35:10.078349
00Q000000000195,Rahul Reddy,PioneerGroup,VP Marketing,VP,Finance,49,Web,0,1,1,0,0,2,0,25,59,1,0,0,10,0.105,Low,Put into nurture,Few email opens + No activity for 25 days,2026-10-07T06:35:10.078349
00Q000000001744,Sneha Das,OrbitSolutions,Head of Ops,Director,Other,416,Partner,2,1,2,0,1,1,1,2,16,1,1,0,29,0.2911,Low,Put into nurture,Free email domain + No demo request,2026-10-07T06:35:10.078349
