Id,Converted
00Q000000000113,0
00Q000000000531,0
00Q000000000197,0
00Q000000004463,1
00Q000000003835,0
00Q000000003934,0
00Q000000002475,0
00Q000000004756,0
00Q000000004217,1
00Q000000001677,1
00Q000000003023,0
00Q000000005096,1
00Q000000002894,0
00Q000000001221,1
00Q000000005545,0
00Q000000005777,1
00Q000000005090,0
00Q000000002939,0
00Q000000002588,0
00Q000000002005,1
00Q000000002874,0
00Q000000005749,0
00Q000000000827,0
00Q000000002482,0
00Q000000004649,0
00Q000000001344,0
00Q000000000310,1
00Q000000000238,0
00Q000000001648,0
00Q000000001596,0
00Q000000000260,0
00Q000000000785,0
00Q000000004305,0
00Q000000001639,1
00Q000000003781,1
00Q000000005582,1
00Q000000002581,1
00Q000000001974,0
00Q000000005952,0
00Q000000002775,1
00Q000000002506,1
00Q000000002215,0
00Q000000004576,0
00Q000000002034,0
00Q000000003366,1
00Q000000003442,1
00Q000000001934,0
00Q000000000709,1
00Q000000005806,0
00Q000000000274,1
00Q000000003556,0
00Q000000004202,0
00Q000000004691,0
00Q000000000954,0
00Q000000003294,0
00Q000000001985,0
00Q000000001617,0
00Q000000004798,0
00Q000000005293,1
00Q000000003304,1
00Q000000001687,0
00Q000000002671,1
00Q000000000896,0
00Q000000004337,0
00Q000000004625,1
00Q000000004698,0
00Q000000002792,0
00Q000000001849,1
00Q000000003268,1
00Q000000000963,0
00Q000000005760,1
00Q000000005810,1
00Q000000000578,0
00Q000000002490,1
00Q000000001066,0
00Q000000002658,0
00Q000000000358,0
00Q000000000070,0
00Q000000002756,1
00Q000000003642,1
00Q000000001970,1
00Q000000005824,0
00Q000000001682,0
00Q000000005626,0
00Q000000002357,0
00Q000000000051,1
00Q000000000222,0
00Q000000000344,1
00Q000000003083,0
00Q000000004261,1
00Q000000001575,0
00Q000000001005,0
00Q000000004012,1
00Q000000000598,0
00Q000000005984,0
00Q000000001097,0
00Q000000005615,0
00Q000000003665,0
00Q000000005840,0
00Q000000001899,1
00Q000000001377,0
00Q000000005864,0
00Q000000005756,0
00Q000000005406,0
00Q000000004923,0
00Q000000004417,1
00Q000000004920,0
00Q000000004981,1
00Q000000003066,0
00Q000000004299,0
00Q000000000588,0
00Q000000002644,1
00Q000000003577,0
00Q000000001461,0
00Q000000003145,0
00Q000000003825,0
00Q000000004992,1
00Q000000001977,1
00Q000000000054,0
00Q000000003316,0
00Q000000002725,0
00Q000000001418,0
00Q000000005399,1
00Q000000001873,0
00Q000000000271,1
00Q000000005015,0
00Q000000002287,1
00Q000000003342,1
00Q000000000276,0
00Q000000004659,0
00Q000000005648,0
00Q000000004603,0
00Q000000005423,0
00Q000000005948,1
00Q000000000573,0
00Q000000003623,1
00Q000000005366,1
00Q000000003630,1
00Q000000004034,0
00Q000000004626,0
00Q000000002292,1
00Q000000002630,0
00Q000000003048,0
00Q000000002677,1
00Q000000002058,0
00Q000000001719,0
00Q000000002439,0
00Q000000005640,0
00Q000000004221,1
00Q000000005651,0
00Q000000002121,0
00Q000000000749,0
00Q000000001467,0
00Q000000000532,0
00Q000000004401,0
00Q000000000187,0
00Q000000002455,0
00Q000000005198,0
00Q000000005584,0
00Q000000004329,0
00Q000000004610,1
00Q000000005282,0
00Q000000004450,0
00Q000000005893,1
00Q000000002665,1
00Q000000005905,0
00Q000000000856,1
00Q000000003861,1
00Q000000002754,1
00Q000000000872,0
00Q000000000652,1
00Q000000003126,0
00Q000000002276,0
00Q000000001711,0
00Q000000002712,1
00Q000000004492,0
00Q000000001302,0
00Q000000005675,0
00Q000000004751,0
00Q000000003511,0
00Q000000005226,1
00Q000000004850,0
00Q000000003959,0
00Q000000001585,0
00Q000000002051,0
00Q000000005444,0
00Q000000001278,0
00Q000000005955,0
00Q000000002081,0
00Q000000002523,0
00Q000000001875,0
00Q000000004629,0
00Q000000000333,0
00Q000000001537,0
00Q000000003013,0
00Q000000002064,1
00Q000000000173,0
00Q000000002586,1
00Q000000003361,0
00Q000000005361,1
00Q000000003596,0
00Q000000004787,1
00Q000000001044,0
00Q000000005725,0
00Q000000001734,0
00Q000000002891,1
00Q000000003492,0
00Q000000002128,1
00Q000000004449,0
00Q000000002428,0
00Q000000004379,0
00Q000000003769,1
00Q000000005537,0
00Q000000001139,1
00Q000000004936,0
00Q000000004125,0
00Q000000003449,0
00Q000000003358,0
00Q000000001354,1
00Q000000004993,0
00Q000000004477,0
00Q000000002638,0
00Q000000001592,0
00Q000000001284,1
00Q000000005042,0
00Q000000002512,0
00Q000000005590,0
00Q000000000241,1
00Q000000003695,0
00Q000000005743,0
00Q000000004708,0
00Q000000004707,1
00Q000000004032,0
00Q000000000168,0
00Q000000000992,0
00Q000000005151,0
00Q000000005738,0
00Q000000004053,0
00Q000000004416,1
00Q000000003846,0
00Q000000000361,1
00Q000000004813,0
00Q000000004481,0
00Q000000003792,0
00Q000000000957,1
00Q000000002175,0
00Q000000005599,0
00Q000000005790,1
00Q000000004808,0
00Q000000000555,0
00Q000000001273,0
00Q000000000418,0
00Q000000000320,0
00Q000000003980,0
00Q000000002786,1
00Q000000004927,1
00Q000000001613,0
00Q000000004485,1
00Q000000000733,0
00Q000000001861,0
00Q000000005923,0
00Q000000000127,0
00Q000000003252,0
00Q000000000647,0
00Q000000005138,0
00Q000000000911,1
00Q000000005006,0
00Q000000002561,0
00Q000000000730,0
00Q000000005298,1
00Q000000002313,0
00Q000000005879,0
00Q000000001181,1
00Q000000004889,1
00Q000000001073,0
00Q000000005440,0
00Q000000000497,0
00Q000000000569,0
00Q000000003503,0
00Q000000004829,0
00Q000000001182,0
00Q000000000394,0
00Q000000002882,1
00Q000000005916,1
00Q000000002820,0
00Q000000001243,0
00Q000000003163,1
00Q000000004962,1
00Q000000005611,0
00Q000000001178,1
00Q000000003499,1
00Q000000003420,0
00Q000000004300,0
00Q000000000180,1
00Q000000004844,1
00Q000000004369,1
00Q000000005541,0
00Q000000001927,0
00Q000000003272,1
00Q000000003177,0
00Q000000003295,1
00Q000000002018,1
00Q000000002485,0
00Q000000001697,1
00Q000000001422,1
00Q000000003815,0
00Q000000005206,0
00Q000000002150,0
00Q000000002674,1
00Q000000005447,0
00Q000000004278,0
00Q000000003330,1
00Q000000003786,0
00Q000000001446,1
00Q000000003142,0
00Q000000000107,0
00Q000000000574,0
00Q000000005371,1
00Q000000005232,0
00Q000000002277,1
00Q000000004581,1
00Q000000004805,0
00Q000000001353,1
00Q000000004132,0
00Q000000005712,0
00Q000000002030,1
00Q000000003768,0
00Q000000000057,1
00Q000000003616,1
00Q000000002425,0
00Q000000004900,0
00Q000000001802,1
00Q000000002893,0
00Q000000002407,1
00Q000000001340,0
00Q000000000053,0
00Q000000000624,1
00Q000000003125,0
00Q000000001702,0
00Q000000004612,0
00Q000000003095,0
00Q000000004947,1
00Q000000002961,0
00Q000000001539,1
00Q000000005870,1
00Q000000004171,0
00Q000000001458,1
00Q000000001870,1
00Q000000004185,0
00Q000000001481,1
00Q000000003909,0
00Q000000002746,1
00Q000000001252,0
00Q000000001435,0
00Q000000004663,0
00Q000000001068,1
00Q000000004908,0
00Q000000004014,0
00Q000000001460,1
00Q000000001767,0
00Q000000000722,0
00Q000000003790,0
00Q000000004208,0
00Q000000002381,1
00Q000000001341,0
00Q000000004393,0
00Q000000003299,1
00Q000000001146,0
00Q000000001298,1
00Q000000001335,1
00Q000000001726,0
00Q000000002500,1
00Q000000002370,0
00Q000000004344,0
00Q000000004077,0
00Q000000004254,0
00Q000000005093,1
00Q000000004333,1
00Q000000000250,1
00Q000000000145,0
00Q000000005459,0
00Q000000003787,0
00Q000000004973,0
00Q000000001143,0
00Q000000003896,0
00Q000000002469,0
00Q000000005833,0
00Q000000003264,0
00Q000000000844,1
00Q000000001895,0
00Q000000000944,0
00Q000000000298,0
00Q000000005530,0
00Q000000005098,0
00Q000000005988,1
00Q000000001155,0
00Q000000004584,0
00Q000000000797,1
00Q000000000195,0
00Q000000001744,0
